Part Number,Shaft Size d,Total Width,Static Load Rating,Dynamic Load Rating,Seal Type,Housing Construction,CAD,Series,Shaft Size d,Bearing Type,Bearing Number,Seal Type,Housing Construction,Alternate Part Name,Base to Center Height H,Total Length L,Total Width A,Bolt Hole Spacing J,Bolt Hole Width N,Bolt Hole Length N1,Foot Height H1,Total Height H2,Inside Ring Width B,Dimension S1,Dimension F,Static Load Rating,Dynamic Load Rating
YAK 1/2,1/2 in,30.2 mm / 1.189 in,4700 N / 1070 lbf,10700 N / 2380 lbf,Shroud Seal ,Two-Bolt Pillow Block ,,Industrial,1/2 in,Ball Bearing,GY1008KRRB,Shroud Seal,Two-Bolt Pillow Block,YAK1/2,26.99 mm/1.063 in,123.8 mm/4.874 in,30.2 mm/1.189 in,92.1 mm/3.626 in,11.1 mm/0.437 in,22.2 mm/0.874 in,8.7 mm,53.2 mm/2.094 in,27.38 mm/1.078 in,15.88 mm/0.625 in,22.86 mm/0.9 in,4700 N/1070 lbf,10700 N/2380 lbf
SAK 1/2,1/2 in,30.2 mm / 1.189 in,4700 N / 1070 lbf,10700 N / 2380 lbf,Narrow Shroud ,Two-Bolt Pillow Block ,,Standard,1/2 in,Ball Bearing,GYA008RRB,Narrow Shroud,Two-Bolt Pillow Block,SAK1/2,26.99 mm/1.063 in,123.8 mm/4.874 in,30.2 mm/1.189 in,92.1 mm/3.626 in,11.1 mm/0.437 in,22.2 mm/0.874 in,8.7 mm,53.2 mm/2.094 in,23.8 mm/0.9370 in,15.85 mm/0.624 in,24.6 mm/0.969 in,4700 N/1070 lbf,10700 N/2380 lbf
YAS 1/2,1/2 in,30.2 mm / 1.189 in,4700 N / 1070 lbf,10700 N / 2380 lbf,Shroud Seal ,Two-Bolt Pillow Block ,,Industrial,1/2 in,Ball Bearing,GY1008KRRB,Shroud Seal,Two-Bolt Pillow Block,YAS1/2,30.16 mm/1.187 in,123.8 mm/4.874 in,30.2 mm/1.189 in,92.1 mm/3.626 in,11.1 mm/0.437 in,22.2 mm/0.874 in,11.9 mm,56.4 mm/2.22 in,27.38 mm/1.078 in,15.88 mm/0.625 in,22.86 mm/0.9 in,4700 N/1070 lbf,10700 N/2380 lbf
SAS 1/2,1/2 in,30.2 mm / 1.189 in,4700 N / 1070 lbf,10700 N / 2380 lbf,Narrow Shroud ,Two-Bolt Pillow Block ,,Standard,1/2 in,Ball Bearing,GYA008RRB,Narrow Shroud,Two-Bolt Pillow Block,SAS1/2,30.16 mm/1.187 in,123.8 mm/4.874 in,30.2 mm/1.189 in,92.1 mm/3.626 in,11.1 mm/0.437 in,22.2 mm/0.874 in,11.9 mm,56.4 mm/2.22 in,23.8 mm/0.9370 in,15.85 mm/0.624 in,24.6 mm/0.969 in,4700 N/1070 lbf,10700 N/2380 lbf
YAK 5/8,5/8 in,30.2 mm / 1.189 in,4700 N / 1070 lbf,10700 N / 2380 lbf,Shroud Seal ,Two-Bolt Pillow Block ,,Industrial,5/8 in,Ball Bearing,GY1010KRRB,Shroud Seal,Two-Bolt Pillow Block,YAK5/8,26.99 mm/1.063 in,123.8 mm/4.874 in,30.2 mm/1.189 in,92.1 mm/3.626 in,11.1 mm/0.437 in,22.2 mm/0.874 in,8.7 mm,53.2 mm/2.094 in,27.38 mm/1.078 in,15.88 mm/0.625 in,22.86 mm/0.9 in,4700 N/1070 lbf,10700 N/2380 lbf
SAK 5/8,5/8 in,30.2 mm / 1.189 in,4700 N / 1070 lbf,10700 N / 2380 lbf,Narrow Shroud ,Two-Bolt Pillow Block ,,Standard,5/8 in,Ball Bearing,GYA010RRB,Narrow Shroud,Two-Bolt Pillow Block,SAK5/8,26.99 mm/1.063 in,123.8 mm/4.874 in,30.2 mm/1.189 in,92.1 mm/3.626 in,11.1 mm/0.437 in,22.2 mm/0.874 in,8.7 mm,53.2 mm/2.094 in,23.8 mm/0.9370 in,15.85 mm/0.624 in,24.6 mm/0.969 in,4700 N/1070 lbf,10700 N/2380 lbf
YAS 5/8,5/8 in,30.2 mm / 1.189 in,4700 N / 1070 lbf,10700 N / 2380 lbf,Shroud Seal ,Two-Bolt Pillow Block ,,Industrial,5/8 in,Ball Bearing,GY1010KRRB,Shroud Seal,Two-Bolt Pillow Block,YAS5/8,30.16 mm/1.187 in,123.8 mm/4.874 in,30.2 mm/1.189 in,92.1 mm/3.626 in,11.1 mm/0.437 in,22.2 mm/0.874 in,11.9 mm,56.4 mm/2.22 in,27.38 mm/1.078 in,15.88 mm/0.625 in,22.86 mm/0.9 in,4700 N/1070 lbf,10700 N/2380 lbf
SAS 5/8,5/8 in,30.2 mm / 1.189 in,4700 N / 1070 lbf,10700 N / 2380 lbf,Narrow Shroud ,Two-Bolt Pillow Block ,,Standard,5/8 in,Ball Bearing,GYA010RRB,Narrow Shroud,Two-Bolt Pillow Block,SAS5/8,30.16 mm/1.187 in,123.8 mm/4.874 in,30.2 mm/1.189 in,92.1 mm/3.626 in,11.1 mm/0.437 in,22.2 mm/0.874 in,11.9 mm,56.4 mm/2.22 in,23.8 mm/0.9370 in,15.85 mm/0.624 in,24.6 mm/0.969 in,4700 N/1070 lbf,10700 N/2380 lbf
YAK 17,17 mm,30.2 mm / 1.189 in,4700 N / 1070 lbf,10700 N / 2380 lbf,Shroud Seal ,Two-Bolt Pillow Block ,,Industrial,17 mm,Ball Bearing,GYE17KRRB,Shroud Seal,Two-Bolt Pillow Block,YAK17,26.99 mm/1.063 in,123.8 mm/4.874 in,30.2 mm/1.189 in,92.1 mm/3.626 in,11.1 mm/0.437 in,22.2 mm/0.874 in,8.7 mm,53.2 mm/2.094 in,27.38 mm/1.078 in,15.88 mm/0.625 in,22.86 mm/0.9 in,4700 N/1070 lbf,10700 N/2380 lbf
SAK 17,17 mm,30.2 mm / 1.189 in,4700 N / 1070 lbf,10700 N / 2380 lbf,Narrow Shroud ,Two-Bolt Pillow Block ,,Standard,17 mm,Ball Bearing,GYAE17RRB,Narrow Shroud,Two-Bolt Pillow Block,SAK17,26.99 mm/1.063 in,123.8 mm/4.874 in,30.2 mm/1.189 in,92.1 mm/3.626 in,11.1 mm/0.437 in,22.2 mm/0.874 in,8.7 mm,53.2 mm/2.094 in,23.8 mm/0.9370 in,15.85 mm/0.624 in,24.6 mm/0.969 in,4700 N/1070 lbf,10700 N/2380 lbf
YAS 17,17 mm,30.2 mm / 1.189 in,4700 N / 1070 lbf,10700 N / 2380 lbf,Shroud Seal ,Two-Bolt Pillow Block ,,Industrial,17 mm,Ball Bearing,GYE17KRRB,Shroud Seal,Two-Bolt Pillow Block,YAS17,30.16 mm/1.187 in,123.8 mm/4.874 in,30.2 mm/1.189 in,92.1 mm/3.626 in,11.1 mm/0.437 in,22.2 mm/0.874 in,11.9 mm,56.4 mm/2.22 in,27.38 mm/1.078 in,15.88 mm/0.625 in,22.86 mm/0.9 in,4700 N/1070 lbf,10700 N/2380 lbf
SAS 17,17 mm,30.2 mm / 1.189 in,4700 N / 1070 lbf,10700 N / 2380 lbf,Narrow Shroud ,Two-Bolt Pillow Block ,,Standard,17 mm,Ball Bearing,GYAE17RRB,Narrow Shroud,Two-Bolt Pillow Block,SAS17,30.16 mm/1.187 in,123.8 mm/4.874 in,30.2 mm/1.189 in,92.1 mm/3.626 in,11.1 mm/0.437 in,22.2 mm/0.874 in,11.9 mm,56.4 mm/2.22 in,23.8 mm/0.9370 in,15.85 mm/0.624 in,24.6 mm/0.969 in,4700 N/1070 lbf,10700 N/2380 lbf
YAK 3/4 SGT,3/4 in,33.3 mm / 1.311 in,6500 N / 1460 lbf,14200 N / 3190 lbf,Shroud Seal ,Two-Bolt Pillow Block ,,Industrial,3/4 in,Ball Bearing,GY1012KRRB SGT,Shroud Seal,Two-Bolt Pillow Block,YAK3/4 SGT,31.75 mm/1.25 in,127 mm/5 in,33.3 mm/1.311 in,96.4 mm/3.795 in,11.1 mm/0.437 in,20.2 mm/0.795 in,13.5 mm,64.3 mm/2.531 in,31.8 mm/1.252 in,19.1 mm/0.752 in,27.56 mm/1.085 in,6500 N/1460 lbf,14200 N/3190 lbf
SAK 3/4,3/4 in,31.8 mm / 1.252 in,6500 N / 1460 lbf,14200 N / 3190 lbf,Narrow Shroud ,Two-Bolt Pillow Block ,,Standard,3/4 in,Ball Bearing,GYA012RRB,Narrow Shroud,Two-Bolt Pillow Block,SAK3/4,31.75 mm/1.25 in,127 mm/5 in,31.8 mm/1.252 in,96 mm/3.78 in,11.1 mm/0.437 in,19.8 mm/0.78 in,11.9 mm,62.7 mm/2.469 in,27 mm/1.063 in,18.14 mm/0.714 in,29 mm/1.142 in,6500 N/1460 lbf,14200 N/3190 lbf
YAS 3/4 SGT,3/4 in,33.3 mm / 1.311 in,6500 N / 1460 lbf,14200 N / 3190 lbf,Shroud Seal ,Two-Bolt Pillow Block ,,Industrial,3/4 in,Ball Bearing,GY1012KRRB SGT,Shroud Seal,Two-Bolt Pillow Block,YAS3/4 SGT,33.34 mm/1.313 in,127 mm/5 in,33.3 mm/1.311 in,96.4 mm/3.795 in,11.1 mm/0.437 in,20.2 mm/0.795 in,15.1 mm,65.9 mm/2.594 in,31.8 mm/1.252 in,19.1 mm/0.752 in,27.56 mm/1.085 in,6500 N/1460 lbf,14200 N/3190 lbf
SAS 3/4,3/4 in,31.8 mm / 1.252 in,6500 N / 1460 lbf,14200 N / 3190 lbf,Narrow Shroud ,Two-Bolt Pillow Block ,,Standard,3/4 in,Ball Bearing,GYA012RRB,Narrow Shroud,Two-Bolt Pillow Block,SAS3/4,33.34 mm/1.313 in,127 mm/5 in,31.8 mm/1.252 in,96 mm/3.78 in,11.1 mm/0.437 in,19.8 mm/0.78 in,13.5 mm,64.3 mm/2.531 in,27 mm/1.063 in,18.14 mm/0.714 in,29 mm/1.142 in,6500 N/1460 lbf,14200 N/3190 lbf
YAK 3/4 PT SGT,3/4 in,33.3 mm / 1.311 in,6500 N / 1460 lbf,14200 N / 3190 lbf,Shroud Seal ,Two-Bolt Pillow Block ,,Industrial,3/4 in,Ball Bearing,GY1012KRRB TDCF SGT,Shroud Seal,Two-Bolt Pillow Block,YAK 3/4 PT SGT,31.75 mm/1.25 in,127 mm/5 in,33.3 mm/1.311 in,96.4 mm/3.795 in,11.1 mm/0.437 in,20.2 mm/0.795 in,13.5 mm,64.3 mm/2.531 in,31.8 mm/1.252 in,19.1 mm/0.752 in,27.56 mm/1.085 in,6500 N/1460 lbf,14200 N/3190 lbf
YAS 3/4 PT SGT,3/4 in,33.3 mm / 1.311 in,6500 N / 1460 lbf,14200 N / 3190 lbf,Shroud Seal ,Two-Bolt Pillow Block ,,Industrial,3/4 in,Ball Bearing,GY1012KRRB TDCF SGT,Shroud Seal,Two-Bolt Pillow Block,YAS 3/4 PT SGT,33.34 mm/1.313 in,127 mm/5 in,33.3 mm/1.311 in,96.4 mm/3.795 in,11.1 mm/0.437 in,20.2 mm/0.795 in,15.1 mm,65.9 mm/2.594 in,31.8 mm/1.252 in,19.1 mm/0.752 in,27.56 mm/1.085 in,6500 N/1460 lbf,14200 N/3190 lbf
KAK 3/4 PS,3/4 in,33.3 mm / 1.311 in,890 N / 200 lbf,,Shroud Seal ,Two-Bolt Pillow Block ,,PS,3/4 in,Ball Bearing,GKY012RRB,Shroud Seal,Two-Bolt Pillow Block,KAK 3/4,31.75 mm/1.25 in,127 mm/5 in,33.3 mm/1.311 in,96 mm/3.781 in,11.1 mm/0.437 in,20.2 mm/0.795 in,13.5 mm,64.3 mm/2.531 in,25.15 mm/0.99 in,18.15 mm/0.714 in,28.52 mm/1.123 in,890 N/200 lbf,
KAS 3/4 PS,3/4 in,33.3 mm / 1.311 in,890 N / 200 lbf,,Shroud Seal ,Two-Bolt Pillow Block ,,PS,3/4 in,Ball Bearing,GKY012RRB,Shroud Seal,Two-Bolt Pillow Block,KAS 3/4,33.34 mm/1.938 in,127 mm/5 in,33.3 mm/1.311 in,96 mm/3.781 in,11.1 mm/0.437 in,20.2 mm/0.795 in,13.5 mm,64.3 mm/2.531 in,25.15 mm/0.99 in,18.15 mm/0.714 in,28.52 mm/1.123 in,890 N/200 lbf,
YAS 3/4,3/4 in,33.3 mm / 1.311 in,6500 N / 1460 lbf,14200 N / 3190 lbf,Shroud Seal ,Two-Bolt Pillow Block ,,Industrial,3/4 in,Ball Bearing,GY1012KRRB,Shroud Seal,Two-Bolt Pillow Block,YAS 3/4,33.34 mm/1.313 in,127 mm/5 in,33.3 mm/1.311 in,96.4 mm/3.795 in,11.1 mm/0.437 in,20.2 mm/0.795 in,15.1 mm/0.59 in,65.9 mm/2.594 in,31.021 mm/1.221 in,18.321 mm/0.721 in,27.56 mm/1.085 in,6500 N/1460 lbf,14200 N/3190 lbf
YAK 20 SGT,20 mm,33.3 mm / 1.311 in,6500 N / 1460 lbf,14200 N / 3190 lbf,Shroud Seal ,Two-Bolt Pillow Block ,,Industrial,20 mm,Ball Bearing,GYE20KRRB SGT,Shroud Seal,Two-Bolt Pillow Block,YAK20 SGT,31.75 mm/1.25 in,127 mm/5 in,33.3 mm/1.311 in,96.4 mm/3.795 in,11.1 mm/0.437 in,20.2 mm/0.795 in,13.5 mm,64.3 mm/2.531 in,31.8 mm/1.252 in,19.1 mm/0.752 in,27.56 mm/1.085 in,6500 N/1460 lbf,14200 N/3190 lbf
SAK 20,20 mm,31.8 mm / 1.252 in,6500 N / 1460 lbf,14200 N / 3190 lbf,Narrow Shroud ,Two-Bolt Pillow Block ,,Standard,20 mm,Ball Bearing,GYAE20RRB,Narrow Shroud,Two-Bolt Pillow Block,SAK20,31.75 mm/1.25 in,127 mm/5 in,31.8 mm/1.252 in,96 mm/3.78 in,11.1 mm/0.437 in,19.8 mm/0.78 in,11.9 mm,62.7 mm/2.469 in,27 mm/1.063 in,18.14 mm/0.714 in,29 mm/1.142 in,6500 N/1460 lbf,14200 N/3190 lbf
YAS 20 SGT,20 mm,33.3 mm / 1.311 in,6500 N / 1460 lbf,14200 N / 3190 lbf,Shroud Seal ,Two-Bolt Pillow Block ,,Industrial,20 mm,Ball Bearing,GYE20KRRB SGT,Shroud Seal,Two-Bolt Pillow Block,YAS20 SGT,33.34 mm/1.313 in,127 mm/5 in,33.3 mm/1.311 in,96.4 mm/3.795 in,11.1 mm/0.437 in,20.2 mm/0.795 in,15.1 mm,65.9 mm/2.594 in,31.8 mm/1.252 in,19.1 mm/0.752 in,27.56 mm/1.085 in,6500 N/1460 lbf,14200 N/3190 lbf
SAS 20,20 mm,31.8 mm / 1.252 in,6500 N / 1460 lbf,14200 N / 3190 lbf,Narrow Shroud ,Two-Bolt Pillow Block ,,Standard,20 mm,Ball Bearing,GYAE20RRB,Narrow Shroud,Two-Bolt Pillow Block,SAS20,33.34 mm/1.313 in,127 mm/5 in,31.8 mm/1.252 in,96 mm/3.78 in,11.1 mm/0.437 in,19.8 mm/0.78 in,13.5 mm,64.3 mm/2.531 in,27 mm/1.063 in,18.14 mm/0.714 in,29 mm/1.142 in,6500 N/1460 lbf,14200 N/3190 lbf
SAS 15/16,15/16 in,35.7 mm / 1.406 in,7800 N / 1750 lbf,15500 N / 3490 lbf,Narrow Shroud ,Two-Bolt Pillow Block ,,Standard,15/16 in,Ball Bearing,GYA015RRB,Narrow Shroud,Two-Bolt Pillow Block,SAS15/16,36.51 mm/1.437 in,139.7 mm/5.5 in,35.7 mm/1.406 in,104.8 mm/4.126 in,11.1 mm/0.437 in,20.6 mm/0.811 in,15.1 mm,71.4 mm/2.811 in,28.2 mm/1.11 in,19.36 mm/0.762 in,33.7 mm/1.327 in,7800 N/1750 lbf,15500 N/3490 lbf
YAS 15/16,15/16 in,35.7 mm / 2.88 in,7800 N / 1750 lbf,15500 N / 3490 lbf,Shroud Seal ,Two-Bolt Pillow Block ,,Industrial,15/16 in,Ball Bearing,GY1015KRRB,Shroud Seal,Two-Bolt Pillow Block,YAS 15/16,36.51 mm/1.437 in,139.7 mm/5.5 in,35.7 mm/2.88 in,104.8 mm/4.126 in,11.1 mm/0.437 in,20.6 mm/0.811 in,15.1 mm/0.59 in,73 mm/2.874 in,34.171 mm/1.345 in,19.901 mm/0.784 in,,7800 N/1750 lbf,15500 N/3490 lbf
YAK1 SGT,1 in,37.3 mm / 1.469 in,7800 N / 1750 lbf,15500 N / 3490 lbf,Shroud Seal ,Two-Bolt Pillow Block ,,Industrial,1 in,Ball Bearing,GY1100KRRB SGT,Shroud Seal,Two-Bolt Pillow Block,YAK1 SGT,33.34 mm/1.313 in,139.7 mm/5.5 in,37.3 mm/1.469 in,104.8 mm/4.126 in,11.1 mm/0.437 in,20.6 mm/0.811 in,11.9 mm,70 mm/2.756 in,34.85 mm/1.372 in,20.56 mm/0.809 in,33.83 mm/1.332 in,7800 N/1750 lbf,15500 N/3490 lbf
SAK1,1 in,35.7 mm / 1.406 in,7800 N / 1750 lbf,15500 N / 3490 lbf,Narrow Shroud ,Two-Bolt Pillow Block ,,Standard,1 in,Ball Bearing,GYA100RRB,Narrow Shroud,Two-Bolt Pillow Block,SAK1,33.34 mm/1.313 in,139.7 mm/5.5 in,35.7 mm/1.406 in,104.8 mm/4.126 in,11.1 mm/0.437 in,20.6 mm/0.811 in,11.9 mm,68 mm/2.677 in,28.2 mm/1.11 in,19.36 mm/0.762 in,33.7 mm/1.327 in,7800 N/1750 lbf,15500 N/3490 lbf
YAS1 SGT,1 in,37.3 mm / 1.469 in,7800 N / 1750 lbf,15500 N / 3490 lbf,Shroud Seal ,Two-Bolt Pillow Block ,,Industrial,1 in,Ball Bearing,GY1100KRRB SGT,Shroud Seal,Two-Bolt Pillow Block,YAS1 SGT,36.51 mm/1.437 in,139.7 mm/5.5 in,37.3 mm/1.469 in,104.8 mm/4.126 in,11.1 mm/0.437 in,20.6 mm/0.811 in,15.1 mm,73 mm/2.874 in,34.85 mm/1.372 in,20.56 mm/0.809 in,33.83 mm/1.332 in,7800 N/1750 lbf,15500 N/3490 lbf
SAS1,1 in,35.7 mm / 1.406 in,7800 N / 1750 lbf,15500 N / 3490 lbf,Narrow Shroud ,Two-Bolt Pillow Block ,,Standard,1 in,Ball Bearing,GYA100RRB,Narrow Shroud,Two-Bolt Pillow Block,SAS1,36.51 mm/1.437 in,139.7 mm/5.5 in,35.7 mm/1.406 in,104.8 mm/4.126 in,11.1 mm/0.437 in,20.6 mm/0.811 in,15.1 mm,71.4 mm/2.811 in,28.2 mm/1.11 in,19.36 mm/0.762 in,33.7 mm/1.327 in,7800 N/1750 lbf,15500 N/3490 lbf
YASM1,1 in,39.7 mm / 1.563 in,11300 N / 2530 lbf,21600 N / 4850 lbf,Shroud Seal ,Two-Bolt Pillow Block ,,Industrial,1 in,Ball Bearing,GYM1100KRRB,Shroud Seal,Two-Bolt Pillow Block,YASM1,42.86 mm/1.687 in,157.2 mm/6.189 in,39.7 mm/1.563 in,117.5 mm/4.626 in,14.22 mm/0.56 in,23.88 mm/0.94 in,16.7 mm,83.3 mm/3.28 in,38.1 mm/1.5 in,22.22 mm/0.875 in,40.31 mm/1.5870 in,11300 N/2530 lbf,21600 N/4850 lbf
YAK1 PT SGT,1 in,37.3 mm / 1.469 in,7800 N / 1750 lbf,15500 N / 3490 lbf,Shroud Seal ,Two-Bolt Pillow Block ,,Industrial,1 in,Ball Bearing,GY1100KRRB TDCF SGT,Shroud Seal,Two-Bolt Pillow Block,YAK1 PT SGT,33.34 mm/1.313 in,139.7 mm/5.5 in,37.3 mm/1.469 in,104.8 mm/4.126 in,11.1 mm/0.437 in,20.6 mm/0.811 in,11.9 mm,70 mm/2.756 in,34.85 mm/1.372 in,20.56 mm/0.809 in,33.83 mm/1.332 in,7800 N/1750 lbf,15500 N/3490 lbf
YAS1 PT SGT,1 in,37.3 mm / 1.469 in,7800 N / 1750 lbf,15500 N / 3490 lbf,Shroud Seal ,Two-Bolt Pillow Block ,,Industrial,1 in,Ball Bearing,GY1100KRRB TDCF SGT,Shroud Seal,Two-Bolt Pillow Block,YAS1 PT SGT,36.51 mm/1.437 in,139.7 mm/5.5 in,37.3 mm/1.469 in,104.8 mm/4.126 in,11.1 mm/0.437 in,20.6 mm/0.811 in,15.1 mm,73 mm/2.874 in,34.85 mm/1.372 in,20.56 mm/0.809 in,33.83 mm/1.332 in,7800 N/1750 lbf,15500 N/3490 lbf
KAK 1 PS,1 in,37.3 mm / 1.469 in,1067 N / 240 lbf,,Shroud Seal ,Two-Bolt Pillow Block ,,PS,1 in,Ball Bearing,GKY100RRB,Shroud Seal,Two-Bolt Pillow Block,KAK 1,33.34 mm/1.313 in,139.7 mm/5.5 in,37.3 mm/1.469 in,104.78 mm/4 1/8 in,11.1 mm/0.437 in,20.6 mm/0.811 in,11.9 mm,70 mm/2.756 in,28.12 mm/1.107 in,20.62 mm/0.812 in,33.6 mm/1.323 in,1067 N/240 lbf,
KAS 1 PS,1 in,37.3 mm / 1.469 in,1067 N / 240 lbf,,Shroud Seal ,Two-Bolt Pillow Block ,,PS,1 in,Ball Bearing,GKY100RRB,Shroud Seal,Two-Bolt Pillow Block,KAS 1,36.51 mm/1.438 in,139.7 mm/5.5 in,37.3 mm/1.469 in,104.78 mm/4 1/8 in,11.1 mm/0.437 in,20.6 mm/0.811 in,11.9 mm,70 mm/2.756 in,28.12 mm/1.107 in,20.62 mm/0.812 in,33.6 mm/1.323 in,1067 N/240 lbf,
YAS1,1 in,35.7 mm / 2.88 in,7800 N / 1750 lbf,15500 N / 3490 lbf,Shroud Seal ,Two-Bolt Pillow Block ,,Industrial,1 in,Ball Bearing,GY1100KRRB,Shroud Seal,Two-Bolt Pillow Block,YAS1,36.51 mm/1.437 in,139.7 mm/5.5 in,35.7 mm/2.88 in,104.8 mm/4.126 in,11.1 mm/0.437 in,20.6 mm/0.811 in,15.1 mm/0.59 in,73 mm/2.874 in,34.171 mm/1.345 in,19.901 mm/0.784 in,,7800 N/1750 lbf,15500 N/3490 lbf
YAK1 1/8 SGT,1 1/8 in,42.9 mm / 1.689 in,11300 N / 2530 lbf,21600 N / 4850 lbf,Shroud Seal ,Two-Bolt Pillow Block ,,Industrial,1 1/8 in,Ball Bearing,GY1102KRRB SGT,Shroud Seal,Two-Bolt Pillow Block,YAK1 1/8 SGT,39.69 mm/1.563 in,157.2 mm/6.189 in,42.9 mm/1.689 in,117.5 mm/4.626 in,14.3 mm/0.563 in,23.8 mm/0.937 in,13.5 mm,81.8 mm/3.22 in,39.1 mm/1.539 in,23.24 mm/0.915 in,40.31 mm/1.5870 in,11300 N/2530 lbf,21600 N/4850 lbf
SAK1 1/8,1 1/8 in,39.7 mm / 1.563 in,11300 N / 2530 lbf,21600 N / 4850 lbf,Narrow Shroud ,Two-Bolt Pillow Block ,,Standard,1 1/8 in,Ball Bearing,GYA102RRB,Narrow Shroud,Two-Bolt Pillow Block,SAK1 1/8,39.69 mm/1.563 in,157.2 mm/6.189 in,39.7 mm/1.563 in,117.5 mm/4.626 in,14.3 mm/0.563 in,23.8 mm/0.937 in,13.5 mm,80.2 mm/3.157 in,32.5 mm/1.28 in,22.85 mm/0.9 in,40.1 mm/1.579 in,11300 N/2530 lbf,21600 N/4850 lbf
YAS1 1/8 SGT,1 1/8 in,42.9 mm / 1.689 in,11300 N / 2530 lbf,21600 N / 4850 lbf,Shroud Seal ,Two-Bolt Pillow Block ,,Industrial,1 1/8 in,Ball Bearing,GY1102KRRB SGT,Shroud Seal,Two-Bolt Pillow Block,YAS1 1/8 SGT,42.86 mm/1.687 in,157.2 mm/6.189 in,42.9 mm/1.689 in,117.5 mm/4.626 in,14.3 mm/0.563 in,23.8 mm/0.937 in,16.7 mm,84.9 mm/3.343 in,39.1 mm/1.539 in,23.24 mm/0.915 in,40.31 mm/1.5870 in,11300 N/2530 lbf,21600 N/4850 lbf
SAS1 1/8,1 1/8 in,39.7 mm / 1.563 in,11300 N / 2530 lbf,21600 N / 4850 lbf,Narrow Shroud ,Two-Bolt Pillow Block ,,Standard,1 1/8 in,Ball Bearing,GYA102RRB,Narrow Shroud,Two-Bolt Pillow Block,SAS1 1/8,42.86 mm/1.687 in,157.2 mm/6.189 in,39.7 mm/1.563 in,117.5 mm/4.626 in,14.3 mm/0.563 in,23.8 mm/0.937 in,16.7 mm,83.3 mm/3.28 in,32.5 mm/1.28 in,22.85 mm/0.9 in,40.1 mm/1.579 in,11300 N/2530 lbf,21600 N/4850 lbf
YAS1 1/8,1 1/8 in,42.9 mm / 1.689 in,11300 N / 2530 lbf,21600 N / 4850 lbf,Shroud Seal ,Two-Bolt Pillow Block ,,Industrial,1 1/8 in,Ball Bearing,GY1102KRRB,Shroud Seal,Two-Bolt Pillow Block,YAS1 1/8,42.86 mm/1.687 in,157.2 mm/6.189 in,42.9 mm/1.689 in,117.5 mm/4.626 in,14.3 mm/0.563 in,23.8 mm/0.937 in,16.7 mm/0.66 in,84.9 mm/3.343 in,38.158 mm/1.5023 in,22.278 mm/0.877 in,,11300 N/2530 lbf,21600 N/4850 lbf
YAK1 3/16 SGT,1 3/16 in,42.9 mm / 1.689 in,11300 N / 2530 lbf,21600 N / 4850 lbf,Shroud Seal ,Two-Bolt Pillow Block ,,Industrial,1 3/16 in,Ball Bearing,GY1103KRRB SGT,Shroud Seal,Two-Bolt Pillow Block,YAK1 3/16 SGT,39.69 mm/1.563 in,157.2 mm/6.189 in,42.9 mm/1.689 in,117.5 mm/4.626 in,14.3 mm/0.563 in,23.8 mm/0.937 in,13.5 mm,81.8 mm/3.22 in,39.1 mm/1.539 in,23.24 mm/0.915 in,40.31 mm/1.5870 in,11300 N/2530 lbf,21600 N/4850 lbf
SAK1 3/16,1 3/16 in,39.7 mm / 1.563 in,11300 N / 2530 lbf,21600 N / 4850 lbf,Narrow Shroud ,Two-Bolt Pillow Block ,,Standard,1 3/16 in,Ball Bearing,GYA103RRB,Narrow Shroud,Two-Bolt Pillow Block,SAK1 3/16,39.69 mm/1.563 in,157.2 mm/6.189 in,39.7 mm/1.563 in,117.5 mm/4.626 in,14.3 mm/0.563 in,23.8 mm/0.937 in,13.5 mm,80.2 mm/3.157 in,32.5 mm/1.28 in,22.85 mm/0.9 in,40.1 mm/1.579 in,11300 N/2530 lbf,21600 N/4850 lbf
YAS1 3/16 SGT,1 3/16 in,42.9 mm / 1.689 in,11300 N / 2530 lbf,21600 N / 4850 lbf,Shroud Seal ,Two-Bolt Pillow Block ,,Industrial,1 3/16 in,Ball Bearing,GY1103KRRB SGT,Shroud Seal,Two-Bolt Pillow Block,YAS1 3/16 SGT,42.86 mm/1.687 in,157.2 mm/6.189 in,42.9 mm/1.689 in,117.5 mm/4.626 in,14.3 mm/0.563 in,23.8 mm/0.937 in,16.7 mm,84.9 mm/3.343 in,39.1 mm/1.539 in,23.24 mm/0.915 in,40.31 mm/1.5870 in,11300 N/2530 lbf,21600 N/4850 lbf
SAS1 3/16,1 3/16 in,39.7 mm / 1.563 in,11300 N / 2530 lbf,21600 N / 4850 lbf,Narrow Shroud ,Two-Bolt Pillow Block ,,Standard,1 3/16 in,Ball Bearing,GYA103RRB,Narrow Shroud,Two-Bolt Pillow Block,SAS1 3/16,42.86 mm/1.687 in,157.2 mm/6.189 in,39.7 mm/1.563 in,117.5 mm/4.626 in,14.3 mm/0.563 in,23.8 mm/0.937 in,16.7 mm,83.3 mm/3.28 in,32.5 mm/1.28 in,22.85 mm/0.9 in,40.1 mm/1.579 in,11300 N/2530 lbf,21600 N/4850 lbf
YASM1 3/16,1 3/16 in,45.2 mm / 1.78 in,15300 N / 3440 lbf,28500 N / 6400 lbf,Shroud Seal ,Two-Bolt Pillow Block ,,Industrial,1 3/16 in,Ball Bearing,GYM1103KRRB,Shroud Seal,Two-Bolt Pillow Block,YASM1 3/16,47.62 mm/1.875 in,166.7 mm/6.563 in,45.2 mm/1.78 in,130.2 mm/5.126 in,14.22 mm/0.56 in,24.64 mm/0.97 in,18.3 mm,93.6 mm/3.685 in,42.87 mm/1.688 in,25.4 mm/1 in,46.18 mm/1.818 in,15300 N/3440 lbf,28500 N/6400 lbf
YAK1 3/16 PT SGT,1 3/16 in,42.9 mm / 1.689 in,11300 N / 2530 lbf,21600 N / 4850 lbf,Shroud Seal ,Two-Bolt Pillow Block ,,Industrial,1 3/16 in,Ball Bearing,GY1103KRRB TDCF SGT,Shroud Seal,Two-Bolt Pillow Block,YAK1 3/16 PT SGT,39.69 mm/1.563 in,157.2 mm/6.189 in,42.9 mm/1.689 in,117.5 mm/4.626 in,14.3 mm/0.563 in,23.8 mm/0.937 in,13.5 mm,81.8 mm/3.22 in,39.1 mm/1.539 in,23.24 mm/0.915 in,40.31 mm/1.5870 in,11300 N/2530 lbf,21600 N/4850 lbf
YAS1 3/16 PT SGT,1 3/16 in,42.9 mm / 1.689 in,11300 N / 2530 lbf,21600 N / 4850 lbf,Shroud Seal ,Two-Bolt Pillow Block ,,Industrial,1 3/16 in,Ball Bearing,GY1103KRRB TDCF SGT,Shroud Seal,Two-Bolt Pillow Block,YAS1 3/16 PT SGT,42.86 mm/1.687 in,157.2 mm/6.189 in,42.9 mm/1.689 in,117.5 mm/4.626 in,14.3 mm/0.563 in,23.8 mm/0.937 in,16.7 mm,84.9 mm/3.343 in,39.1 mm/1.539 in,23.24 mm/0.915 in,40.31 mm/1.5870 in,11300 N/2530 lbf,21600 N/4850 lbf
KAK 1 3/16 PS,1 3/16 in,42.9 mm / 1.689 in,1556 N / 350 lbf,,Shroud Seal ,Two-Bolt Pillow Block ,,PS,1 3/16 in,Ball Bearing,GKY103RRB,Shroud Seal,Two-Bolt Pillow Block,KAK 1 3/16,39.69 mm/1.563 in,157.16 mm/6.188 in,42.9 mm/1.689 in,117.48 mm/4.625 in,14.3 mm/0.563 in,23.8 mm/0.937 in,13.5 mm,81.8 mm/3.22 in,31.37 mm/1.235 in,22.37 mm/0.881 in,40.39 mm/1.59 in,1556 N/350 lbf,
KAS 1 3/16 PS,1 3/16 in,42.9 mm / 1.689 in,1556 N / 350 lbf,,Shroud Seal ,Two-Bolt Pillow Block ,,PS,1 3/16 in,Ball Bearing,GKY103RRB,Shroud Seal,Two-Bolt Pillow Block,KAS 1 3/16,42.86 mm/1.688 in,157.16 mm/6.188 in,42.9 mm/1.689 in,117.48 mm/4.625 in,14.3 mm/0.563 in,23.8 mm/0.937 in,13.5 mm,81.8 mm/3.22 in,31.37 mm/1.235 in,22.37 mm/0.881 in,40.39 mm/1.59 in,1556 N/350 lbf,
YAS1 3/16,1 3/16 in,42.9 mm / 1.689 in,11300 N / 2530 lbf,21600 N / 4850 lbf,Shroud Seal ,Two-Bolt Pillow Block ,,Industrial,1 3/16 in,Ball Bearing,GY1103KRRB,Shroud Seal,Two-Bolt Pillow Block,YAS1 3/16,42.86 mm/1.687 in,157.2 mm/6.189 in,42.9 mm/1.689 in,117.5 mm/4.626 in,14.3 mm/0.563 in,23.8 mm/0.937 in,16.7 mm/0.66 in,84.9 mm/3.343 in,38.158 mm/1.5023 in,22.278 mm/0.877 in,,11300 N/2530 lbf,21600 N/4850 lbf
YAK1 1/4S,1 1/4 in,42.9 mm / 1.689 in,11300 N / 2530 lbf,21600 N / 4850 lbf,Shroud Seal ,Two-Bolt Pillow Block ,,Industrial,1 1/4 in,Ball Bearing,GY1103KRRB3,Shroud Seal,Two-Bolt Pillow Block,YAK1 1/4S,39.69 mm/1.563 in,157.2 mm/6.189 in,42.9 mm/1.689 in,117.5 mm/4.626 in,14.3 mm/0.563 in,23.8 mm/0.937 in,13.5 mm,81.8 mm/3.22 in,39.1 mm/1.539 in,23.24 mm/0.915 in,40.31 mm/1.5870 in,11300 N/2530 lbf,21600 N/4850 lbf
YAK1 1/4 SGT,1 1/4 in,46.8 mm / 1.843 in,15300 N / 3440 lbf,28500 N / 6400 lbf,Shroud Seal ,Two-Bolt Pillow Block ,,Industrial,1 1/4 in,Ball Bearing,GY1104KRRB SGT,Shroud Seal,Two-Bolt Pillow Block,YAK1 1/4 SGT,46.04 mm/1.813 in,166.7 mm/6.563 in,46.8 mm/1.843 in,130.2 mm/5.126 in,14.3 mm/0.563 in,24.6 mm/0.969 in,16.7 mm,93.7 mm/3.689 in,45.41 mm/1.788 in,27.94 mm/1.1 in,46.18 mm/1.818 in,15300 N/3440 lbf,28500 N/6400 lbf
SAK1 1/4 S,1 1/4 in,39.7 mm / 1.563 in,11300 N / 2530 lbf,21600 N / 4850 lbf,Narrow Shroud ,Two-Bolt Pillow Block ,,Standard,1 1/4 in,Ball Bearing,GYA103RRB2,Narrow Shroud,Two-Bolt Pillow Block,SAK1 1/4 S,39.69 mm/1.563 in,157.2 mm/6.189 in,39.7 mm/1.563 in,117.5 mm/4.626 in,14.3 mm/0.563 in,23.8 mm/0.937 in,13.5 mm,80.2 mm/3.157 in,32.5 mm/1.28 in,22.85 mm/0.9 in,40.1 mm/1.579 in,11300 N/2530 lbf,21600 N/4850 lbf
SAK1 1/4,1 1/4 in,45.2 mm / 1.78 in,15300 N / 3440 lbf,28500 N / 6400 lbf,Narrow Shroud ,Two-Bolt Pillow Block ,,Standard,1 1/4 in,Ball Bearing,GYA104RRB,Narrow Shroud,Two-Bolt Pillow Block,SAK1 1/4,46.04 mm/1.813 in,166.7 mm/6.563 in,45.2 mm/1.78 in,130.2 mm/5.126 in,14.3 mm/0.563 in,24.6 mm/0.969 in,16.7 mm,92.1 mm/3.626 in,36.5 mm/1.4370 in,25.65 mm/1.01 in,46.8 mm/1.8430 in,15300 N/3440 lbf,28500 N/6400 lbf
YAS1 1/4 S,1 1/4 in,42.9 mm / 1.689 in,11300 N / 2530 lbf,21600 N / 4850 lbf,Shroud Seal ,Two-Bolt Pillow Block ,,Industrial,1 1/4 in,Ball Bearing,GY1103KRRB3,Shroud Seal,Two-Bolt Pillow Block,YAS1 1/4â€†S,42.86 mm/1.687 in,157.2 mm/6.189 in,42.9 mm/1.689 in,117.5 mm/4.626 in,14.3 mm/0.563 in,23.8 mm/0.937 in,16.7 mm,84.9 mm/3.343 in,39.1 mm/1.539 in,23.24 mm/0.915 in,40.31 mm/1.5870 in,11300 N/2530 lbf,21600 N/4850 lbf
YAS1 1/4 SGT,1 1/4 in,46.8 mm / 1.843 in,15300 N / 3440 lbf,28500 N / 6400 lbf,Shroud Seal ,Two-Bolt Pillow Block ,,Industrial,1 1/4 in,Ball Bearing,GY1104KRRB SGT,Shroud Seal,Two-Bolt Pillow Block,YAS1 1/4 SGT,47.63 mm/1.875 in,166.7 mm/6.563 in,46.8 mm/1.843 in,130.2 mm/5.126 in,14.3 mm/0.563 in,24.6 mm/0.969 in,18.3 mm,95.3 mm/3.752 in,45.41 mm/1.788 in,27.94 mm/1.1 in,46.18 mm/1.818 in,15300 N/3440 lbf,28500 N/6400 lbf
SAS1 1/4 S,1 1/4 in,39.7 mm / 1.563 in,11300 N / 2530 lbf,21600 N / 4850 lbf,Narrow Shroud ,Two-Bolt Pillow Block ,,Standard,1 1/4 in,Ball Bearing,GYA103RRB2,Narrow Shroud,Two-Bolt Pillow Block,SAS1 1/4 S,42.86 mm/1.687 in,157.2 mm/6.189 in,39.7 mm/1.563 in,117.5 mm/4.626 in,14.3 mm/0.563 in,23.8 mm/0.937 in,16.7 mm,83.3 mm/3.28 in,32.5 mm/1.28 in,22.85 mm/0.9 in,40.1 mm/1.579 in,11300 N/2530 lbf,21600 N/4850 lbf
SAS1 1/4,1 1/4 in,45.2 mm / 1.78 in,15300 N / 3440 lbf,28500 N / 6400 lbf,Narrow Shroud ,Two-Bolt Pillow Block ,,Standard,1 1/4 in,Ball Bearing,GYA104RRB,Narrow Shroud,Two-Bolt Pillow Block,SAS1 1/4,47.62 mm/1.875 in,166.7 mm/6.563 in,45.2 mm/1.78 in,130.2 mm/5.126 in,14.3 mm/0.563 in,24.6 mm/0.969 in,18.3 mm,93.6 mm/3.685 in,36.5 mm/1.4370 in,25.65 mm/1.01 in,46.8 mm/1.8430 in,15300 N/3440 lbf,28500 N/6400 lbf
YAK1 1/4 PT SGT,1 1/4 in,46.8 mm / 1.843 in,15300 N / 3440 lbf,28500 N / 6400 lbf,Shroud Seal ,Two-Bolt Pillow Block ,,Industrial,1 1/4 in,Ball Bearing,GY1104KRRB TDCF SGT,Shroud Seal,Two-Bolt Pillow Block,YAK1 1/4 PT SGT,46.04 mm/1.813 in,166.7 mm/6.563 in,46.8 mm/1.843 in,130.2 mm/5.126 in,14.3 mm/0.563 in,24.6 mm/0.969 in,16.7 mm,93.7 mm/3.689 in,45.41 mm/1.788 in,27.94 mm/1.1 in,46.18 mm/1.818 in,15300 N/3440 lbf,28500 N/6400 lbf
YAK1 1/4S PT,1 1/4 in,42.9 mm / 1.689 in,11300 N / 2530 lbf,21600 N / 4850 lbf,Shroud Seal ,Two-Bolt Pillow Block ,,Industrial,1 1/4 in,Ball Bearing,GY1103KRRB3 TDCF,Shroud Seal,Two-Bolt Pillow Block,YAK1 1/4S PT,39.69 mm/1.563 in,157.2 mm/6.189 in,42.9 mm/1.689 in,117.5 mm/4.626 in,14.3 mm/0.563 in,23.8 mm/0.937 in,13.5 mm,81.8 mm/3.22 in,39.1 mm/1.539 in,23.24 mm/0.915 in,40.31 mm/1.5870 in,11300 N/2530 lbf,21600 N/4850 lbf
YAS1 1/4 PT SGT,1 1/4 in,46.8 mm / 1.843 in,15300 N / 3440 lbf,28500 N / 6400 lbf,Shroud Seal ,Two-Bolt Pillow Block ,,Industrial,1 1/4 in,Ball Bearing,GY1104KRRB TDCF SGT,Shroud Seal,Two-Bolt Pillow Block,YAS1 1/4 PT SGT,47.63 mm/1.875 in,166.7 mm/6.563 in,46.8 mm/1.843 in,130.2 mm/5.126 in,14.3 mm/0.563 in,24.6 mm/0.969 in,18.3 mm,95.3 mm/3.752 in,45.41 mm/1.788 in,27.94 mm/1.1 in,46.18 mm/1.818 in,15300 N/3440 lbf,28500 N/6400 lbf
YAS1 1/4S PT,1 1/4 in,42.9 mm / 1.689 in,11300 N / 2530 lbf,21600 N / 4850 lbf,Shroud Seal ,Two-Bolt Pillow Block ,,Industrial,1 1/4 in,Ball Bearing,GY1103KRRB3 TDCF,Shroud Seal,Two-Bolt Pillow Block,YAS1 1/4S PT,42.86 mm/1.687 in,157.2 mm/6.189 in,42.9 mm/1.689 in,117.5 mm/4.626 in,14.3 mm/0.563 in,23.8 mm/0.937 in,16.7 mm,84.9 mm/3.343 in,39.1 mm/1.539 in,23.24 mm/0.915 in,40.31 mm/1.5870 in,11300 N/2530 lbf,21600 N/4850 lbf
KAK 1 1/4S PS,1 1/4 in,42.9 mm / 1.689 in,1556 N / 350 lbf,,Shroud Seal ,Two-Bolt Pillow Block ,,PS,1 1/4 in,Ball Bearing,GKY103RRB2,Shroud Seal,Two-Bolt Pillow Block,KAK 1 1/4S,39.69 mm/1.563 in,157.16 mm/6.188 in,42.9 mm/1.689 in,117.48 mm/4.625 in,14.3 mm/0.563 in,23.8 mm/0.937 in,13.5 mm,81.8 mm/3.22 in,31.37 mm/1.235 in,22.37 mm/0.881 in,40.39 mm/1.59 in,1556 N/350 lbf,
KAK 1 1/4 PS,1 1/4 in,46.8 mm / 1.843 in,2112 N / 475 lbf,,Shroud Seal ,Two-Bolt Pillow Block ,,PS,1 1/4 in,Ball Bearing,GKY104RRB,Shroud Seal,Two-Bolt Pillow Block,KAK 1 1/4,46 mm/1.813 in,166.69 mm/6.563 in,46.8 mm/1.843 in,130.18 mm/5.125 in,14.3 mm/0.563 in,24.6 mm/0.969 in,16.7 mm,93.7 mm/3.689 in,36.68 mm/1.444 in,27.18 mm/1.07 in,47.24 mm/1.86 in,2112 N/475 lbf,
KAS 1 1/4S PS,1 1/4 in,42.9 mm / 1.689 in,1556 N / 350 lbf,,Shroud Seal ,Two-Bolt Pillow Block ,,PS,1 1/4 in,Ball Bearing,GKY103RRB2,Shroud Seal,Two-Bolt Pillow Block,KAS 1 1/4S,42.86 mm/1.688 in,157.16 mm/6.188 in,42.9 mm/1.689 in,117.48 mm/4.625 in,14.3 mm/0.563 in,23.8 mm/0.937 in,13.5 mm,81.8 mm/3.22 in,31.37 mm/1.235 in,22.37 mm/0.881 in,40.39 mm/1.59 in,1556 N/350 lbf,
KAS 1 1/4 PS,1 1/4 in,46.8 mm / 1.843 in,2112 N / 475 lbf,,Shroud Seal ,Two-Bolt Pillow Block ,,PS,1 1/4 in,Ball Bearing,GKY104RRB,Shroud Seal,Two-Bolt Pillow Block,KAS 1 1/4,47.63 mm/1.875 in,166.69 mm/6.563 in,46.8 mm/1.843 in,130.18 mm/5.125 in,14.3 mm/0.563 in,24.6 mm/0.969 in,16.7 mm,93.7 mm/3.689 in,36.68 mm/1.444 in,27.18 mm/1.07 in,47.24 mm/1.86 in,2112 N/475 lbf,
YAS1 1/4,1 1/4 in,46.8 mm / 1.843 in,15300 N / 3440 lbf,28500 N / 6400 lbf,Shroud Seal ,Two-Bolt Pillow Block ,,Industrial,1 1/4 in,Ball Bearing,GY1104KRRB,Shroud Seal,Two-Bolt Pillow Block,YAS1 1/4,47.63 mm/1.88 in,166.7 mm/6.563 in,46.8 mm/1.843 in,130.2 mm/5.126 in,14.3 mm/0.563 in,24.6 mm/0.969 in,18.3 mm/0.66 in,95.3 mm/3.752 in,42.93 mm/1.69 in,25.45 mm/1.002 in,,15300 N/3440 lbf,28500 N/6400 lbf
YAK1 3/8 SGT,1 3/8 in,46.8 mm / 1.843 in,15300 N / 3440 lbf,28500 N / 6400 lbf,Shroud Seal ,Two-Bolt Pillow Block ,,Industrial,1 3/8 in,Ball Bearing,GY1106KRRB SGT,Shroud Seal,Two-Bolt Pillow Block,YAK1 3/8 SGT,46.04 mm/1.813 in,166.7 mm/6.563 in,46.8 mm/1.843 in,130.2 mm/5.126 in,14.3 mm/0.563 in,24.6 mm/0.969 in,16.7 mm,93.7 mm/3.689 in,45.41 mm/1.788 in,27.94 mm/1.1 in,46.18 mm/1.818 in,15300 N/3440 lbf,28500 N/6400 lbf
SAK1 3/8,1 3/8 in,45.2 mm / 1.78 in,15300 N / 3440 lbf,28500 N / 6400 lbf,Narrow Shroud ,Two-Bolt Pillow Block ,,Standard,1 3/8 in,Ball Bearing,GYA106RRB,Narrow Shroud,Two-Bolt Pillow Block,SAK1 3/8,46.04 mm/1.813 in,166.7 mm/6.563 in,45.2 mm/1.78 in,130.2 mm/5.126 in,14.3 mm/0.563 in,24.6 mm/0.969 in,16.7 mm,92.1 mm/3.626 in,36.5 mm/1.4370 in,25.65 mm/1.01 in,46.8 mm/1.8430 in,15300 N/3440 lbf,28500 N/6400 lbf
YAS1 3/8 SGT,1 3/8 in,46.8 mm / 1.843 in,15300 N / 3440 lbf,28500 N / 6400 lbf,Shroud Seal ,Two-Bolt Pillow Block ,,Industrial,1 3/8 in,Ball Bearing,GY1106KRRB SGT,Shroud Seal,Two-Bolt Pillow Block,YAS1 3/8 SGT,47.63 mm/1.875 in,166.7 mm/6.563 in,46.8 mm/1.843 in,130.2 mm/5.126 in,14.3 mm/0.563 in,24.6 mm/0.969 in,18.3 mm,95.3 mm/3.752 in,45.41 mm/1.788 in,27.94 mm/1.1 in,46.18 mm/1.818 in,15300 N/3440 lbf,28500 N/6400 lbf
SAS1 3/8,1 3/8 in,45.2 mm / 1.78 in,15300 N / 3440 lbf,28500 N / 6400 lbf,Narrow Shroud ,Two-Bolt Pillow Block ,,Standard,1 3/8 in,Ball Bearing,GYA106RRB,Narrow Shroud,Two-Bolt Pillow Block,SAS1 3/8,47.62 mm/1.875 in,166.7 mm/6.563 in,45.2 mm/1.78 in,130.2 mm/5.126 in,14.3 mm/0.563 in,24.6 mm/0.969 in,18.3 mm,93.6 mm/3.685 in,36.5 mm/1.4370 in,25.65 mm/1.01 in,46.8 mm/1.8430 in,15300 N/3440 lbf,28500 N/6400 lbf
YAS1 3/8,1 3/8 in,46.8 mm / 1.843 in,15300 N / 3440 lbf,28500 N / 6400 lbf,Shroud Seal ,Two-Bolt Pillow Block ,,Industrial,1 3/8 in,Ball Bearing,GY1106KRRB,Shroud Seal,Two-Bolt Pillow Block,YAS1 3/8,47.63 mm/1.875 in,166.7 mm/6.563 in,46.8 mm/1.843 in,130.2 mm/5.126 in,14.3 mm/0.563 in,24.6 mm/0.969 in,18.3 mm/0.72 in,95.3 mm/3.752 in,42.93 mm/1.69 in,25.45 mm/1.002 in,,15300 N/3440 lbf,28500 N/6400 lbf
YAK1 7/16 SGT,1 7/16 in,46.8 mm / 1.843 in,15300 N / 3440 lbf,28500 N / 6400 lbf,Shroud Seal ,Two-Bolt Pillow Block ,,Industrial,1 7/16 in,Ball Bearing,GY1107KRRB SGT,Shroud Seal,Two-Bolt Pillow Block,YAK1 7/16 SGT,46.04 mm/1.813 in,166.7 mm/6.563 in,46.8 mm/1.843 in,130.2 mm/5.126 in,14.3 mm/0.563 in,24.6 mm/0.969 in,16.7 mm,93.7 mm/3.689 in,45.41 mm/1.788 in,27.94 mm/1.1 in,46.18 mm/1.818 in,15300 N/3440 lbf,28500 N/6400 lbf
SAK1 7/16,1 7/16 in,45.2 mm / 1.78 in,15300 N / 3440 lbf,28500 N / 6400 lbf,Narrow Shroud ,Two-Bolt Pillow Block ,,Standard,1 7/16 in,Ball Bearing,GYA107RRB,Narrow Shroud,Two-Bolt Pillow Block,SAK1 7/16,46.04 mm/1.813 in,166.7 mm/6.563 in,45.2 mm/1.78 in,130.2 mm/5.126 in,14.3 mm/0.563 in,24.6 mm/0.969 in,16.7 mm,92.1 mm/3.626 in,36.5 mm/1.4370 in,25.65 mm/1.01 in,46.8 mm/1.8430 in,15300 N/3440 lbf,28500 N/6400 lbf
YAS1 7/16 SGT,1 7/16 in,46.8 mm / 1.843 in,15300 N / 3440 lbf,28500 N / 6400 lbf,Shroud Seal ,Two-Bolt Pillow Block ,,Industrial,1 7/16 in,Ball Bearing,GY1107KRRB SGT,Shroud Seal,Two-Bolt Pillow Block,YAS1 7/16 SGT,47.63 mm/1.875 in,166.7 mm/6.563 in,46.8 mm/1.843 in,130.2 mm/5.126 in,14.3 mm/0.563 in,24.6 mm/0.969 in,18.3 mm,95.3 mm/3.752 in,45.41 mm/1.788 in,27.94 mm/1.1 in,46.18 mm/1.818 in,15300 N/3440 lbf,28500 N/6400 lbf
SAS1 7/16,1 7/16 in,45.2 mm / 1.78 in,15300 N / 3440 lbf,28500 N / 6400 lbf,Narrow Shroud ,Two-Bolt Pillow Block ,,Standard,1 7/16 in,Ball Bearing,GYA107RRB,Narrow Shroud,Two-Bolt Pillow Block,SAS1 7/16,47.62 mm/1.875 in,166.7 mm/6.563 in,45.2 mm/1.78 in,130.2 mm/5.126 in,14.3 mm/0.563 in,24.6 mm/0.969 in,18.3 mm,93.6 mm/3.685 in,36.5 mm/1.4370 in,25.65 mm/1.01 in,46.8 mm/1.8430 in,15300 N/3440 lbf,28500 N/6400 lbf
YASM1 7/16,1 7/16 in,47.6 mm / 1.874 in,19800 N / 4460 lbf,36200 N / 8130 lbf,Shroud Seal ,Two-Bolt Pillow Block ,,Industrial,1 7/16 in,Ball Bearing,GYM1107KRRB,Shroud Seal,Two-Bolt Pillow Block,YASM1 7/16,53.98 mm/2.125 in,179.4 mm/7.063 in,47.6 mm/1.874 in,136.5 mm/5.374 in,14.22 mm/0.56 in,26.16 mm/1.03 in,23 mm,104.8 mm/4.126 in,49.22 mm/1.938 in,30.17 mm/1.188 in,52.27 mm/2.058 in,19800 N/4460 lbf,36200 N/8130 lbf
SAS1 7/16 FS530,1 7/16 in,45.2 mm / 1.78 in,15300 N / 3440 lbf,28500 N / 6400 lbf,Narrow Shroud ,Two-Bolt Pillow Block ,,Standard,1 7/16 in,Ball Bearing,GYA107RRB,Narrow Shroud,Two-Bolt Pillow Block,SAS1 7/16 FS530,47.62 mm/1.875 in,166.7 mm/6.563 in,45.2 mm/1.78 in,130.2 mm/5.126 in,14.3 mm/0.563 in,24.6 mm/0.969 in,18.3 mm,93.6 mm/3.685 in,36.5 mm/1.4370 in,25.65 mm/1.01 in,46.8 mm/1.8430 in,15300 N/3440 lbf,28500 N/6400 lbf
YAK1 7/16 PT SGT,1 7/16 in,46.8 mm / 1.843 in,15300 N / 3440 lbf,28500 N / 6400 lbf,Shroud Seal ,Two-Bolt Pillow Block ,,Industrial,1 7/16 in,Ball Bearing,GY1107KRR TDCFB SGT,Shroud Seal,Two-Bolt Pillow Block,YAK1 7/16 PT SGT,46.04 mm/1.813 in,166.7 mm/6.563 in,46.8 mm/1.843 in,130.2 mm/5.126 in,14.3 mm/0.563 in,24.6 mm/0.969 in,16.7 mm,93.7 mm/3.689 in,45.41 mm/1.788 in,27.94 mm/1.1 in,46.18 mm/1.818 in,15300 N/3440 lbf,28500 N/6400 lbf
YAS1 7/16 PT SGT,1 7/16 in,46.8 mm / 1.843 in,15300 N / 3440 lbf,28500 N / 6400 lbf,Shroud Seal ,Two-Bolt Pillow Block ,,Industrial,1 7/16 in,Ball Bearing,GY1107KRRB TDCFSGT,Shroud Seal,Two-Bolt Pillow Block,YAS1 7/16 PT SGT,47.63 mm/1.875 in,166.7 mm/6.563 in,46.8 mm/1.843 in,130.2 mm/5.126 in,14.3 mm/0.563 in,24.6 mm/0.969 in,18.3 mm,95.3 mm/3.752 in,45.41 mm/1.788 in,27.94 mm/1.1 in,46.18 mm/1.818 in,15300 N/3440 lbf,28500 N/6400 lbf
KAK 1 7/16 PS,1 7/16 in,46.8 mm / 1.843 in,2112 N / 475 lbf,,Shroud Seal ,Two-Bolt Pillow Block ,,PS,1 7/16 in,Ball Bearing,GKY107RRB,Shroud Seal,Two-Bolt Pillow Block,KAK 1 7/16,46 mm/1.813 in,166.69 mm/6.563 in,46.8 mm/1.843 in,130.18 mm/5.125 in,14.3 mm/0.563 in,24.6 mm/0.969 in,16.7 mm,93.7 mm/3.689 in,36.68 mm/1.444 in,27.18 mm/1.07 in,47.24 mm/1.86 in,2112 N/475 lbf,
KAS 1 7/16 PS,1 7/16 in,46.8 mm / 1.843 in,2112 N / 475 lbf,,Shroud Seal ,Two-Bolt Pillow Block ,,PS,1 7/16 in,Ball Bearing,GKY107RRB,Shroud Seal,Two-Bolt Pillow Block,KAS 1 7/16,47.63 mm/1.875 in,166.69 mm/6.563 in,46.8 mm/1.843 in,130.18 mm/5.125 in,14.3 mm/0.563 in,24.6 mm/0.969 in,16.7 mm,93.7 mm/3.689 in,36.68 mm/1.444 in,27.18 mm/1.07 in,47.24 mm/1.86 in,2112 N/475 lbf,
YAS1 7/16,1 7/16 in,46.8 mm / 1.843 in,15300 N / 3440 lbf,28500 N / 6400 lbf,Shroud Seal ,Two-Bolt Pillow Block ,,Industrial,1 7/16 in,Ball Bearing,GY1107KRRB,Shroud Seal,Two-Bolt Pillow Block,YAS1 7/16,47.63 mm/1.875 in,166.7 mm/6.563 in,46.8 mm/1.843 in,130.2 mm/5.126 in,14.3 mm/0.563 in,24.6 mm/0.969 in,18.3 mm/0.72 in,95.3 mm/3.752 in,42.93 mm/1.69 in,25.45 mm/1.002 in,,15300 N/3440 lbf,28500 N/6400 lbf
YAK1 1/2 SGT,1 1/2 in,51.6 mm / 2.031 in,19800 N / 4460 lbf,36200 N / 8130 lbf,Shroud Seal ,Two-Bolt Pillow Block ,,Industrial,1 1/2 in,Ball Bearing,GY1108KRRB SGT,Shroud Seal,Two-Bolt Pillow Block,YAK1 1/2 SGT,49.21 mm/1.937 in,179.4 mm/7.063 in,51.6 mm/2.031 in,136.5 mm/5.374 in,14.3 mm/0.563 in,26.2 mm/1.031 in,19.1 mm,101.6 mm/4 in,49.22 mm/1.938 in,30.17 mm/1.188 in,52.27 mm/2.058 in,19800 N/4460 lbf,36200 N/8130 lbf
SAK1 1/2,1 1/2 in,47.6 mm / 1.874 in,19800 N / 4460 lbf,36200 N / 8130 lbf,Narrow Shroud ,Two-Bolt Pillow Block ,,Standard,1 1/2 in,Ball Bearing,GYA108RRB,Narrow Shroud,Two-Bolt Pillow Block,SAK1 1/2,49.21 mm/1.937 in,179.4 mm/7.063 in,47.6 mm/1.874 in,136.5 mm/5.374 in,14.3 mm/0.563 in,26.2 mm/1.031 in,19.1 mm,100 mm/3.937 in,39.3 mm/1.547 in,27.67 mm/1.089 in,52.4 mm/2.063 in,19800 N/4460 lbf,36200 N/8130 lbf
YAS1 1/2 SGT,1 1/2 in,51.6 mm / 2.031 in,19800 N / 4460 lbf,36200 N / 8130 lbf,Shroud Seal ,Two-Bolt Pillow Block ,,Industrial,1 1/2 in,Ball Bearing,GY1108KRRB SGT,Shroud Seal,Two-Bolt Pillow Block,YAS1 1/2 SGT,49.21 mm/1.937 in,179.4 mm/7.063 in,51.6 mm/2.031 in,136.5 mm/5.374 in,14.3 mm/0.563 in,26.2 mm/1.031 in,19.1 mm,101.6 mm/4 in,49.22 mm/1.938 in,30.17 mm/1.188 in,52.27 mm/2.058 in,19800 N/4460 lbf,36200 N/8130 lbf
SAS1 1/2,1 1/2 in,47.6 mm / 1.874 in,19800 N / 4460 lbf,36200 N / 8130 lbf,Narrow Shroud ,Two-Bolt Pillow Block ,,Standard,1 1/2 in,Ball Bearing,GYA108RRB,Narrow Shroud,Two-Bolt Pillow Block,SAS1 1/2,49.21 mm/1.937 in,179.4 mm/7.063 in,47.6 mm/1.874 in,136.5 mm/5.374 in,14.3 mm/0.563 in,26.2 mm/1.031 in,19 mm,100 mm/3.937 in,39.3 mm/1.547 in,27.67 mm/1.089 in,52.4 mm/2.063 in,19800 N/4460 lbf,36200 N/8130 lbf
SAS1 1/2 H,1 1/2 in,47.6 mm / 1.874 in,19800 N / 4460 lbf,36200 N / 8130 lbf,Narrow Shroud ,Two-Bolt Pillow Block ,,Standard,1 1/2 in,Ball Bearing,GYA108RRB,Narrow Shroud,Two-Bolt Pillow Block,SAS1 1/2 H,53.9 mm/2.122 in,179.4 mm/7.063 in,47.6 mm/1.874 in,136.5 mm/5.374 in,14.3 mm/0.563 in,26.2 mm/1.031 in,19 mm,100 mm/3.937 in,39.3 mm/1.547 in,27.67 mm/1.089 in,52.4 mm/2.063 in,19800 N/4460 lbf,36200 N/8130 lbf
YASM1 1/2,1 1/2 in,50.8 mm / 2 in,20500 N / 4600 lbf,36300 N / 8160 lbf,Shroud Seal ,Two-Bolt Pillow Block ,,Industrial,1 1/2 in,Ball Bearing,GYM1108KRRB,Shroud Seal,Two-Bolt Pillow Block,YASM1 1/2,53.98 mm/2.125 in,191.3 mm/7.531 in,50.8 mm/2 in,149.2 mm/5.874 in,14.22 mm/0.56 in,28.45 mm/1.12 in,19.1 mm/0.75 in,106.3 mm/4.185 in,49.22 mm/1.938 in,30.17 mm/1.188 in,52.27 mm/2.058 in,20500 N/4600 lbf,36300 N/8160 lbf
YAK1 1/2 PT SGT,1 1/2 in,51.6 mm / 2.031 in,19800 N / 4460 lbf,36200 N / 8130 lbf,Shroud Seal ,Two-Bolt Pillow Block ,,Industrial,1 1/2 in,Ball Bearing,GY1108KRRB TDCF SGT,Shroud Seal,Two-Bolt Pillow Block,YAK1 1/2 PT SGT,49.21 mm/1.937 in,179.4 mm/7.063 in,51.6 mm/2.031 in,136.5 mm/5.374 in,14.3 mm/0.563 in,26.2 mm/1.031 in,19.1 mm,101.6 mm/4 in,49.22 mm/1.938 in,30.17 mm/1.188 in,52.27 mm/2.058 in,19800 N/4460 lbf,36200 N/8130 lbf
YAS1 1/2 PT SGT,1 1/2 in,51.6 mm / 2.031 in,19800 N / 4460 lbf,36200 N / 8130 lbf,Shroud Seal ,Two-Bolt Pillow Block ,,Industrial,1 1/2 in,Ball Bearing,GY1108KRRB TDCF SGT,Shroud Seal,Two-Bolt Pillow Block,YAS1 1/2 PT SGT,49.21 mm/1.937 in,179.4 mm/7.063 in,51.6 mm/2.031 in,136.5 mm/5.374 in,14.3 mm/0.563 in,26.2 mm/1.031 in,19.1 mm,101.6 mm/4 in,49.22 mm/1.938 in,30.17 mm/1.188 in,52.27 mm/2.058 in,19800 N/4460 lbf,36200 N/8130 lbf
YAS1 1/2H SGT,1 1/2 in,51.6 mm / 2.031 in,19800 N / 4460 lbf,36200 N / 8130 lbf,Shroud Seal ,Two-Bolt Pillow Block ,,Industrial,1 1/2 in,Ball Bearing,GY1108KRRB SGT,Shroud Seal,Two-Bolt Pillow Block,YAS1 1/2H SGT,53.98 mm/2.125 in,179.4 mm/7.063 in,51.6 mm/2.031 in,136.5 mm/5.374 in,14.3 mm/0.563 in,26.2 mm/1.031 in,19.1 mm,101.6 mm/4 in,49.22 mm/1.938 in,30.17 mm/1.188 in,52.27 mm/2.058 in,19800 N/4460 lbf,36200 N/8130 lbf
YASM1 1/2H,1 1/2 in,66.6 mm / 2.62 in,20500 N / 4600 lbf,36300 N / 8160 lbf,Shroud Seal ,Two-Bolt Pillow Block ,,Industrial,1 1/2 in,Ball Bearing,GYM1108KRRB,Shroud Seal,Two-Bolt Pillow Block,YASM1 1/2H,58.7 mm/2.312 in,222.3 mm/8-3/4 in,66.6 mm/2.62 in,155.5 mm/6.12 in,17.5 mm/0.69 in,33.3 mm/1.31 in,20.6 mm/0.81 in,114.3 mm/4.5 in,49.22 mm/1.938 in,30.17 mm/1.188 in,52.27 mm/2.058 in,20500 N/4600 lbf,36300 N/8160 lbf
YAS1 1/2,1 1/2 in,51.6 mm / 2.031 in,19800 N / 4460 lbf,36200 N / 8130 lbf,Shroud Seal ,Two-Bolt Pillow Block ,,Industrial,1 1/2 in,Ball Bearing,GY1108KRRB,Shroud Seal,Two-Bolt Pillow Block,YAS1 1/2,49.21 mm/1.937 in,179.4 mm/7.063 in,51.6 mm/2.031 in,136.5 mm/5.374 in,14.3 mm/0.563 in,26.2 mm/1.031 in,19.1 mm/0.75 in,101.6 mm/4 in,49.22 mm/1.938 in,30.17 mm/1.188 in,,19800 N/4460 lbf,36200 N/8130 lbf
YAK1 5/8 SGT,1 5/8 in,52.4 mm / 2.063 in,20500 N / 4600 lbf,36300 N / 8160 lbf,Shroud Seal ,Two-Bolt Pillow Block ,,Industrial,1 5/8 in,Ball Bearing,GY1110KRRB SGT,Shroud Seal,Two-Bolt Pillow Block,YAK1 5/8 SGT,52.39 mm/2.063 in,191.3 mm/7.531 in,52.4 mm/2.063 in,149.2 mm/5.874 in,14.3 mm/0.563 in,28.6 mm/1.126 in,17.5 mm,104.8 mm/4.126 in,50.37 mm/1.983 in,31.32 mm/1.233 in,57.92 mm/2.28 in,20500 N/4600 lbf,36300 N/8160 lbf
SAK1 5/8,1 5/8 in,50.8 mm / 2 in,20500 N / 4600 lbf,36300 N / 8160 lbf,Narrow Shroud ,Two-Bolt Pillow Block ,,Standard,1 5/8 in,Ball Bearing,GYA110RRB,Narrow Shroud,Two-Bolt Pillow Block,SAK1 5/8,52.39 mm/2.063 in,191.3 mm/7.531 in,50.8 mm/2 in,149.2 mm/5.874 in,14.3 mm/0.563 in,28.6 mm/1.126 in,17.5 mm,104.8 mm/4.126 in,42 mm/1.654 in,28.54 mm/1.124 in,57.9 mm/2.28 in,20500 N/4600 lbf,36300 N/8160 lbf
YAS1 5/8 SGT,1 5/8 in,52.4 mm / 2.063 in,20500 N / 4600 lbf,36300 N / 8160 lbf,Shroud Seal ,Two-Bolt Pillow Block ,,Industrial,1 5/8 in,Ball Bearing,GY1110KRRB SGT,Shroud Seal,Two-Bolt Pillow Block,YAS1 5/8 SGT,53.98 mm/2.125 in,191.3 mm/7.531 in,52.4 mm/2.063 in,149.2 mm/5.874 in,14.3 mm/0.563 in,28.6 mm/1.126 in,19.1 mm,106.4 mm/4.189 in,50.37 mm/1.983 in,31.32 mm/1.233 in,57.92 mm/2.28 in,20500 N/4600 lbf,36300 N/8160 lbf
SAS1 5/8,1 5/8 in,51 mm / 2.008 in,20500 N / 4600 lbf,36300 N / 8160 lbf,Narrow Shroud ,Two-Bolt Pillow Block ,,Standard,1 5/8 in,Ball Bearing,GYA110RRB,Narrow Shroud,Two-Bolt Pillow Block,SAS1 5/8,53.9 mm/2.122 in,191.3 mm/7.531 in,51 mm/2.008 in,149.2 mm/5.874 in,14.3 mm/0.563 in,28.6 mm/1.126 in,19 mm,106.3 mm/4.185 in,42 mm/1.654 in,28.54 mm/1.124 in,57.9 mm/2.28 in,20500 N/4600 lbf,36300 N/8160 lbf
YAS1 5/8,1 5/8 in,52.4 mm / 2.063 in,20500 N / 4600 lbf,36300 N / 8160 lbf,Shroud Seal ,Two-Bolt Pillow Block ,,Industrial,1 5/8 in,Ball Bearing,GY1110KRRB,Shroud Seal,Two-Bolt Pillow Block,YAS1 5/8,53.98 mm/2.125 in,191.3 mm/7.531 in,52.4 mm/2.063 in,149.2 mm/5.874 in,14.3 mm/0.563 in,28.6 mm/1.126 in,19.1 mm/0.75 in,106.4 mm/4.189 in,49.22 mm/1.94 in,30.17 mm/1.188 in,,20500 N/4600 lbf,36300 N/8160 lbf
YAK1 11/16 SGT,1 11/16 in,52.4 mm / 2.063 in,20500 N / 4600 lbf,36300 N / 8160 lbf,Shroud Seal ,Two-Bolt Pillow Block ,,Industrial,1 11/16 in,Ball Bearing,GY1111KRRB SGT,Shroud Seal,Two-Bolt Pillow Block,YAK1 11/16 SGT,52.39 mm/2.063 in,191.3 mm/7.531 in,52.4 mm/2.063 in,149.2 mm/5.874 in,14.3 mm/0.563 in,28.6 mm/1.126 in,17.5 mm,104.8 mm/4.126 in,50.37 mm/1.983 in,31.32 mm/1.233 in,57.92 mm/2.28 in,20500 N/4600 lbf,36300 N/8160 lbf
SAK1 11/16,1 11/16 in,50.8 mm / 2 in,20500 N / 4600 lbf,36300 N / 8160 lbf,Narrow Shroud ,Two-Bolt Pillow Block ,,Standard,1 11/16 in,Ball Bearing,GYA111RRB,Narrow Shroud,Two-Bolt Pillow Block,SAK1 11/16,52.39 mm/2.063 in,191.3 mm/7.531 in,50.8 mm/2 in,149.2 mm/5.874 in,14.3 mm/0.563 in,28.6 mm/1.126 in,17.5 mm,104.8 mm/4.126 in,42 mm/1.654 in,28.54 mm/1.124 in,57.9 mm/2.28 in,20500 N/4600 lbf,36300 N/8160 lbf
YAS1 11/16 SGT,1 11/16 in,52.4 mm / 2.063 in,20500 N / 4600 lbf,36300 N / 8160 lbf,Shroud Seal ,Two-Bolt Pillow Block ,,Industrial,1 11/16 in,Ball Bearing,GY1111KRRB SGT,Shroud Seal,Two-Bolt Pillow Block,YAS1 11/16 SGT,53.98 mm/2.125 in,191.3 mm/7.531 in,52.4 mm/2.063 in,149.2 mm/5.874 in,14.3 mm/0.563 in,28.6 mm/1.126 in,19.1 mm,106.4 mm/4.189 in,50.37 mm/1.983 in,31.32 mm/1.233 in,57.92 mm/2.28 in,20500 N/4600 lbf,36300 N/8160 lbf
SAS1 11/16,1 11/16 in,51 mm / 2.008 in,20500 N / 4600 lbf,36300 N / 8160 lbf,Narrow Shroud ,Two-Bolt Pillow Block ,,Standard,1 11/16 in,Ball Bearing,GYA111RRB,Narrow Shroud,Two-Bolt Pillow Block,SAS1 11/16,53.9 mm/2.122 in,191.3 mm/7.531 in,51 mm/2.008 in,149.2 mm/5.874 in,14.3 mm/0.563 in,28.6 mm/1.126 in,19 mm,106.3 mm/4.185 in,42 mm/1.654 in,28.54 mm/1.124 in,57.9 mm/2.28 in,20500 N/4600 lbf,36300 N/8160 lbf
YASM1 11/16,1 11/16 in,55.6 mm / 2.189 in,23200 N / 5210 lbf,38900 N / 8740 lbf,Shroud Seal ,Two-Bolt Pillow Block ,,Industrial,1 11/16 in,Ball Bearing,GYM1111KRRB,Shroud Seal,Two-Bolt Pillow Block,YASM1 11/16,57.15 mm/2.25 in,200 mm/7.874 in,55.6 mm/2.189 in,157.9 mm/6.217 in,17.53 mm/0.69 in,23.88 mm/0.94 in,19.1 mm,114.3 mm/4.5 in,51.59 mm/2.031 in,32.54 mm/1.281 in,62.84 mm/2.474 in,23200 N/5210 lbf,38900 N/8740 lbf
YAS1 11/16,1 11/16 in,52.4 mm / 2.063 in,20500 N / 4600 lbf,36300 N / 8160 lbf,Shroud Seal ,Two-Bolt Pillow Block ,,Industrial,1 11/16 in,Ball Bearing,GY1111KRRB,Shroud Seal,Two-Bolt Pillow Block,YAS1 11/16,53.98 mm/2.125 in,191.3 mm/7.531 in,52.4 mm/2.063 in,149.2 mm/5.874 in,14.3 mm/0.563 in,28.6 mm/1.126 in,19.1 mm/0.75 in,106.4 mm/4.189 in,49.22 mm/1.94 in,30.17 mm/1.188 in,,20500 N/4600 lbf,36300 N/8160 lbf
YAK1 3/4 SGT,1 3/4 in,52.4 mm / 2.063 in,20500 N / 4600 lbf,36300 N / 8160 lbf,Shroud Seal ,Two-Bolt Pillow Block ,,Industrial,1 3/4 in,Ball Bearing,GY1112KRRB SGT,Shroud Seal,Two-Bolt Pillow Block,YAK1 3/4 SGT,52.39 mm/2.063 in,191.3 mm/7.531 in,52.4 mm/2.063 in,149.2 mm/5.874 in,14.3 mm/0.563 in,28.6 mm/1.126 in,17.5 mm,104.8 mm/4.126 in,50.37 mm/1.983 in,31.32 mm/1.233 in,57.92 mm/2.28 in,20500 N/4600 lbf,36300 N/8160 lbf
SAK1 3/4,1 3/4 in,50.8 mm / 2 in,20500 N / 4600 lbf,36300 N / 8160 lbf,Narrow Shroud ,Two-Bolt Pillow Block ,,Standard,1 3/4 in,Ball Bearing,GYA112RRB,Narrow Shroud,Two-Bolt Pillow Block,SAK1 3/4,52.39 mm/2.063 in,191.3 mm/7.531 in,50.8 mm/2 in,149.2 mm/5.874 in,14.3 mm/0.563 in,28.6 mm/1.126 in,17.5 mm,104.8 mm/4.126 in,42 mm/1.654 in,28.54 mm/1.124 in,57.9 mm/2.28 in,20500 N/4600 lbf,36300 N/8160 lbf
YAS1 3/4 SGT,1 3/4 in,52.4 mm / 2.063 in,20500 N / 4600 lbf,36300 N / 8160 lbf,Shroud Seal ,Two-Bolt Pillow Block ,,Industrial,1 3/4 in,Ball Bearing,GY1112KRRB SGT,Shroud Seal,Two-Bolt Pillow Block,YAS1 3/4 SGT,53.98 mm/2.125 in,191.3 mm/7.531 in,52.4 mm/2.063 in,149.2 mm/5.874 in,14.3 mm/0.563 in,28.6 mm/1.126 in,19.1 mm,106.4 mm/4.189 in,50.37 mm/1.983 in,31.32 mm/1.233 in,57.92 mm/2.28 in,20500 N/4600 lbf,36300 N/8160 lbf
SAS1 3/4,1 3/4 in,51 mm / 2.008 in,20500 N / 4600 lbf,36300 N / 8160 lbf,Narrow Shroud ,Two-Bolt Pillow Block ,,Standard,1 3/4 in,Ball Bearing,GYA112RRB,Narrow Shroud,Two-Bolt Pillow Block,SAS1 3/4,53.9 mm/2.122 in,191.3 mm/7.531 in,51 mm/2.008 in,149.2 mm/5.874 in,14.3 mm/0.563 in,28.6 mm/1.126 in,19 mm,106.3 mm/4.185 in,42 mm/1.654 in,28.54 mm/1.124 in,57.9 mm/2.28 in,20500 N/4600 lbf,36300 N/8160 lbf
YASM1 3/4,1 3/4 in,55.6 mm / 2.189 in,23200 N / 5210 lbf,38900 N / 8740 lbf,Shroud Seal ,Two-Bolt Pillow Block ,,Industrial,1 3/4 in,Ball Bearing,GYM1112KRRB,Shroud Seal,Two-Bolt Pillow Block,YASM1 3/4,57.15 mm/2.25 in,200 mm/7.874 in,55.6 mm/2.189 in,157.9 mm/6.217 in,17.53 mm/0.69 in,23.88 mm/0.94 in,19.1 mm,114.3 mm/4.5 in,51.59 mm/2.031 in,32.54 mm/1.281 in,62.84 mm/2.474 in,23200 N/5210 lbf,38900 N/8740 lbf
YAS1 3/4,1 3/4 in,52.4 mm / 2.063 in,20500 N / 4600 lbf,36300 N / 8160 lbf,Shroud Seal ,Two-Bolt Pillow Block ,,Industrial,1 3/4 in,Ball Bearing,GY1112KRRB,Shroud Seal,Two-Bolt Pillow Block,YAS1 3/4,53.98 mm/2.125 in,191.3 mm/7.531 in,52.4 mm/2.063 in,149.2 mm/5.874 in,14.3 mm/0.563 in,28.6 mm/1.126 in,19.1 mm/0.75 in,106.4 mm/4.189 in,49.22 mm/1.94 in,30.17 mm/1.188 in,,20500 N/4600 lbf,36300 N/8160 lbf
YAK1 15/16 SGT,1 15/16 in,57.9 mm / 2.28 in,23200 N / 5210 lbf,38900 N / 8740 lbf,Shroud Seal ,Two-Bolt Pillow Block ,,Industrial,1 15/16 in,Ball Bearing,GY1115KRRB SGT,Shroud Seal,Two-Bolt Pillow Block,YAK1 15/16 SGT,55.56 mm/2.187 in,200.2 mm/7.882 in,57.9 mm/2.28 in,158 mm/6.22 in,18.3 mm/0.72 in,25.4 mm/1 in,17.5 mm,112.7 mm/4.437 in,51.59 mm/2.031 in,32.54 mm/1.281 in,62.84 mm/2.474 in,23200 N/5210 lbf,38900 N/8740 lbf
SAK1 15/16,1 15/16 in,55.6 mm / 2.189 in,23200 N / 5210 lbf,38900 N / 8740 lbf,Narrow Shroud ,Two-Bolt Pillow Block ,,Standard,1 15/16 in,Ball Bearing,GYA115RRB,Narrow Shroud,Two-Bolt Pillow Block,SAK1 15/16,55.56 mm/2.187 in,200.2 mm/7.882 in,55.6 mm/2.189 in,158 mm/6.22 in,17.5 mm/0.689 in,23.8 mm/0.937 in,17.5 mm,112.7 mm/4.437 in,44.3 mm/1.744 in,30.84 mm/1.214 in,62.7 mm/2.469 in,23200 N/5210 lbf,38900 N/8740 lbf
YAS1 15/16 SGT,1 15/16 in,57.9 mm / 2.28 in,23200 N / 5210 lbf,38900 N / 8740 lbf,Shroud Seal ,Two-Bolt Pillow Block ,,Industrial,1 15/16 in,Ball Bearing,GY1115KRRB SGT,Shroud Seal,Two-Bolt Pillow Block,YAS1 15/16 SGT,57.15 mm/2.25 in,200.2 mm/7.882 in,57.9 mm/2.28 in,158 mm/6.22 in,18.3 mm/0.72 in,25.4 mm/1 in,19.1 mm,114.3 mm/4.5 in,51.59 mm/2.031 in,32.54 mm/1.281 in,62.84 mm/2.474 in,23200 N/5210 lbf,38900 N/8740 lbf
SAS1 15/16,1 15/16 in,55.6 mm / 2.189 in,23200 N / 5210 lbf,38900 N / 8740 lbf,Narrow Shroud ,Two-Bolt Pillow Block ,,Standard,1 15/16 in,Ball Bearing,GYA115RRB,Narrow Shroud,Two-Bolt Pillow Block,SAS1 15/16,57.2 mm/2.252 in,200 mm/7.874 in,55.6 mm/2.189 in,158 mm/6.22 in,17.5 mm/0.689 in,23.8 mm/0.937 in,19 mm,114.3 mm/4.5 in,44.3 mm/1.744 in,30.84 mm/1.214 in,62.7 mm/2.469 in,23200 N/5210 lbf,38900 N/8740 lbf
YASM1 15/16,1 15/16 in,54.8 mm / 2.157 in,29200 N / 6570 lbf,48100 N / 10800 lbf,Shroud Seal ,Two-Bolt Pillow Block ,,Industrial,1 15/16 in,Ball Bearing,GYM1115KRRB,Shroud Seal,Two-Bolt Pillow Block,YASM1 15/16,63.5 mm/2.5 in,222.3 mm/8.752 in,54.8 mm/2.157 in,176.2 mm/6.937 in,18.26 mm/0.719 in,29.46 mm/1.16 in,20.6 mm,126.2 mm/4.969 in,55.55 mm/2.187 in,33.32 mm/1.312 in,69.77 mm/2.747 in,29200 N/6570 lbf,48100 N/10800 lbf
YAS1 15/16,1 15/16 in,57.9 mm / 2.28 in,23200 N / 5210 lbf,38900 N / 8740 lbf,Shroud Seal ,Two-Bolt Pillow Block ,,Industrial,1 15/16 in,Ball Bearing,GY1115KRRB,Shroud Seal,Two-Bolt Pillow Block,YAS1 15/16,57.15 mm/2.25 in,200.2 mm/7.882 in,57.9 mm/2.28 in,158 mm/6.22 in,18.3 mm/0.72 in,25.4 mm/1 in,19.1 mm/0.75 in,114.3 mm/4.5 in,51.59 mm/2.031 in,32.54 mm/1.281 in,,23200 N/5210 lbf,38900 N/8740 lbf
YAK2 SGT,2 in,60.3 mm / 2.374 in,29200 N / 6570 lbf,48100 N / 10800 lbf,Shroud Seal ,Two-Bolt Pillow Block ,,Industrial,2 in,Ball Bearing,GY1200KRRB SGT,Shroud Seal,Two-Bolt Pillow Block,YAK2 SGT,61.91 mm/2.437 in,222.3 mm/8.752 in,60.3 mm/2.374 in,176.2 mm/6.937 in,18.3 mm/0.72 in,29.4 mm/1.157 in,19.1 mm,126.2 mm/4.969 in,55.55 mm/2.187 in,33.32 mm/1.312 in,69.77 mm/2.747 in,29200 N/6570 lbf,48100 N/10800 lbf
SAK2S,2 in,55.6 mm / 2.189 in,23200 N / 5210 lbf,38900 N / 8740 lbf,Narrow Shroud ,Two-Bolt Pillow Block ,,Standard,2 in,Ball Bearing,GYA115RRB2,Narrow Shroud,Two-Bolt Pillow Block,SAK2S,55.56 mm/2.187 in,200.2 mm/7.882 in,55.6 mm/2.189 in,158 mm/6.22 in,17.5 mm/0.689 in,23.8 mm/0.937 in,17.5 mm,112.7 mm/4.437 in,44.3 mm/1.744 in,30.84 mm/1.214 in,62.7 mm/2.469 in,23200 N/5210 lbf,38900 N/8740 lbf
SAK2,2 in,58.7 mm / 2.311 in,29200 N / 6570 lbf,48100 N / 10800 lbf,Narrow Shroud ,Two-Bolt Pillow Block ,,Standard,2 in,Ball Bearing,GYA200RRB,Narrow Shroud,Two-Bolt Pillow Block,SAK2,61.91 mm/2.437 in,222.3 mm/8.752 in,58.7 mm/2.311 in,176.2 mm/6.937 in,18.3 mm/0.72 in,29.4 mm/1.157 in,19.1 mm,124.6 mm/4.906 in,46.6 mm/1.835 in,32 mm/1.26 in,69.8 mm/2.748 in,29200 N/6570 lbf,48100 N/10800 lbf
YAS2 SGT,2 in,60.3 mm / 2.374 in,29200 N / 6570 lbf,48100 N / 10800 lbf,Shroud Seal ,Two-Bolt Pillow Block ,,Industrial,2 in,Ball Bearing,GY1200KRRB SGT,Shroud Seal,Two-Bolt Pillow Block,YAS2 SGT,63.5 mm/2.5 in,222.3 mm/8.752 in,60.3 mm/2.374 in,176.2 mm/6.937 in,18.3 mm/0.72 in,29.4 mm/1.157 in,20.6 mm,127.8 mm/5.031 in,55.55 mm/2.187 in,33.32 mm/1.312 in,69.77 mm/2.747 in,29200 N/6570 lbf,48100 N/10800 lbf
SAS2 S,2 in,55.6 mm / 2.189 in,23200 N / 5210 lbf,38900 N / 8740 lbf,Narrow Shroud ,Two-Bolt Pillow Block ,,Standard,2 in,Ball Bearing,GYA115RRB2,Narrow Shroud,Two-Bolt Pillow Block,SAS2 S,57.2 mm/2.252 in,200 mm/7.874 in,55.6 mm/2.189 in,158 mm/6.22 in,17.5 mm/0.689 in,23.8 mm/0.937 in,19 mm,114.3 mm/4.5 in,44.3 mm/1.744 in,30.84 mm/1.214 in,62.7 mm/2.469 in,23200 N/5210 lbf,38900 N/8740 lbf
SAS2,2 in,58.7 mm / 2.311 in,29200 N / 6570 lbf,48100 N / 10800 lbf,Narrow Shroud ,Two-Bolt Pillow Block ,,Standard,2 in,Ball Bearing,GYA200RRB,Narrow Shroud,Two-Bolt Pillow Block,SAS2,63.5 mm/2.5 in,222.3 mm/8.752 in,58.7 mm/2.311 in,176.2 mm/6.937 in,18.3 mm/0.72 in,29.4 mm/1.157 in,20.6 mm,126.2 mm/4.969 in,46.6 mm/1.835 in,32 mm/1.26 in,69.8 mm/2.748 in,29200 N/6570 lbf,48100 N/10800 lbf
YASM2,2 in,54.8 mm / 2.157 in,29200 N / 6570 lbf,48100 N / 10800 lbf,Shroud Seal ,Two-Bolt Pillow Block ,,Industrial,2 in,Ball Bearing,GY1200KRRB,Shroud Seal,Two-Bolt Pillow Block,YASM2,63.5 mm/2.5 in,222.3 mm/8.752 in,54.8 mm/2.157 in,176.2 mm/6.937 in,18.26 mm/0.719 in,29.46 mm/1.16 in,20.6 mm,126.2 mm/4.969 in,55.55 mm/2.187 in,33.32 mm/1.312 in,69.77 mm/2.747 in,29200 N/6570 lbf,48100 N/10800 lbf
YAS2,2 in,60.3 mm / 2.374 in,29200 N / 6570 lbf,48100 N / 10800 lbf,Shroud Seal ,Two-Bolt Pillow Block ,,Industrial,2 in,Ball Bearing,GY1200KRRB,Shroud Seal,Two-Bolt Pillow Block,YAS2,63.5 mm/2.5 in,222.3 mm/8.752 in,60.3 mm/2.374 in,176.2 mm/6.937 in,18.3 mm/0.72 in,29.4 mm/1.157 in,20.6 mm,127.8 mm/5.031 in,55.55 mm/2.187 in,33.32 mm/1.312 in,69.77 mm/2.747 in,29200 N/6570 lbf,48100 N/10800 lbf
YAK2 3/16 SGT,2 3/16 in,60.3 mm / 2.374 in,29200 N / 6570 lbf,48100 N / 10800 lbf,Shroud Seal ,Two-Bolt Pillow Block ,,Industrial,2 3/16 in,Ball Bearing,GY1203KRRB SGT,Shroud Seal,Two-Bolt Pillow Block,YAK2 3/16 SGT,61.91 mm/2.437 in,222.3 mm/8.752 in,60.3 mm/2.374 in,176.2 mm/6.937 in,18.3 mm/0.72 in,29.4 mm/1.157 in,19.1 mm,126.2 mm/4.969 in,55.55 mm/2.187 in,33.32 mm/1.312 in,69.77 mm/2.747 in,29200 N/6570 lbf,48100 N/10800 lbf
SAK2 3/16,2 3/16 in,58.7 mm / 2.311 in,29200 N / 6570 lbf,48100 N / 10800 lbf,Narrow Shroud ,Two-Bolt Pillow Block ,,Standard,2 3/16 in,Ball Bearing,GYA203RRB,Narrow Shroud,Two-Bolt Pillow Block,SAK2 3/16,61.91 mm/2.437 in,222.3 mm/8.752 in,58.7 mm/2.311 in,176.2 mm/6.937 in,18.3 mm/0.72 in,29.4 mm/1.157 in,19.1 mm,124.6 mm/4.906 in,46.6 mm/1.835 in,32 mm/1.26 in,69.8 mm/2.748 in,29200 N/6570 lbf,48100 N/10800 lbf
YAS2 3/16 SGT,2 3/16 in,60.3 mm / 2.374 in,29200 N / 6570 lbf,48100 N / 10800 lbf,Shroud Seal ,Two-Bolt Pillow Block ,,Industrial,2 3/16 in,Ball Bearing,GY1203KRRB SGT,Shroud Seal,Two-Bolt Pillow Block,YAS2 3/16 SGT,63.5 mm/2.5 in,222.3 mm/8.752 in,60.3 mm/2.374 in,176.2 mm/6.937 in,18.3 mm/0.72 in,29.4 mm/1.157 in,20.6 mm,127.8 mm/5.031 in,55.55 mm/2.187 in,33.32 mm/1.312 in,69.77 mm/2.747 in,29200 N/6570 lbf,48100 N/10800 lbf
SAS2 3/16,2 3/16 in,58.7 mm / 2.311 in,29200 N / 6570 lbf,48100 N / 10800 lbf,Narrow Shroud ,Two-Bolt Pillow Block ,,Standard,2 3/16 in,Ball Bearing,GYA203RRB,Narrow Shroud,Two-Bolt Pillow Block,SAS2 3/16,63.5 mm/2.5 in,222.3 mm/8.752 in,58.7 mm/2.311 in,176.2 mm/6.937 in,18.3 mm/0.72 in,29.4 mm/1.157 in,20.6 mm,126.2 mm/4.969 in,46.6 mm/1.835 in,32 mm/1.26 in,69.8 mm/2.748 in,29200 N/6570 lbf,48100 N/10800 lbf
YASM2 3/16,2 3/16 in,60.3 mm / 2.374 in,35900 N / 8080 lbf,58200 N / 13100 lbf,Shroud Seal ,Two-Bolt Pillow Block ,,Industrial,2 3/16 in,Ball Bearing,GYM1203KRRB,Shroud Seal,Two-Bolt Pillow Block,YASM2 3/16,69.85 mm/2.75 in,239.7 mm/9.437 in,60.3 mm/2.374 in,188.1 mm/7.406 in,18.26 mm/0.719 in,29.46 mm/1.16 in,23.8 mm,138.9 mm/5.469 in,65.07 mm/2.562 in,39.67 mm/1.562 in,76.48 mm/3.011 in,35900 N/8080 lbf,58200 N/13100 lbf
YAK2 3/16,2 3/16 in,60.3 mm / 2.374 in,29200 N / 6570 lbf,48100 N / 10800 lbf,Shroud Seal ,Two-Bolt Pillow Block ,,Industrial,2 3/16 in,Ball Bearing,GY1203KRRB,Shroud Seal,Two-Bolt Pillow Block,YAK2 3/16,61.91 mm/2.437 in,222.3 mm/8.752 in,60.3 mm/2.374 in,176.2 mm/6.937 in,18.3 mm/0.72 in,29.4 mm/1.157 in,19.1 mm,126.2 mm/4.969 in,55.55 mm/2.187 in,33.32 mm/1.312 in,69.77 mm/2.747 in,29200 N/6570 lbf,48100 N/10800 lbf
YAS2 3/16,2 3/16 in,60.3 mm / 2.374 in,29200 N / 6570 lbf,48100 N / 10800 lbf,Shroud Seal ,Two-Bolt Pillow Block ,,Industrial,2 3/16 in,Ball Bearing,GY1203KRRB,Shroud Seal,Two-Bolt Pillow Block,YAS2 3/16,63.5 mm/2.5 in,222.3 mm/8.752 in,60.3 mm/2.374 in,176.2 mm/6.937 in,18.3 mm/0.72 in,29.4 mm/1.157 in,20.6 mm,127.8 mm/5.031 in,55.55 mm/2.187 in,33.32 mm/1.312 in,69.77 mm/2.747 in,29200 N/6570 lbf,48100 N/10800 lbf
YAK2 1/4 SGT,2 1/4 in,60.3 mm / 2.374 in,35900 N / 8080 lbf,58200 N / 13100 lbf,Shroud Seal ,Two-Bolt Pillow Block ,,Industrial,2 1/4 in,Ball Bearing,GY1204KRRB SGT,Shroud Seal,Two-Bolt Pillow Block,YAK2 1/4 SGT,68.26 mm/2.687 in,239.7 mm/9.437 in,60.3 mm/2.374 in,188.1 mm/7.406 in,18.3 mm/0.72 in,29.4 mm/1.157 in,22.2 mm,137.3 mm/5.406 in,65.07 mm/2.562 in,39.67 mm/1.562 in,76.48 mm/3.011 in,35900 N/8080 lbf,58200 N/13100 lbf
YAS2 1/4 SGT,2 1/4 in,60.3 mm / 2.374 in,35900 N / 8080 lbf,58200 N / 13100 lbf,Shroud Seal ,Two-Bolt Pillow Block ,,Industrial,2 1/4 in,Ball Bearing,GY1204KRRB SGT,Shroud Seal,Two-Bolt Pillow Block,YAS2 1/4 SGT,69.85 mm/2.75 in,239.7 mm/9.437 in,60.3 mm/2.374 in,188.1 mm/7.406 in,18.3 mm/0.72 in,29.4 mm/1.157 in,23.8 mm,138.9 mm/5.469 in,65.07 mm/2.562 in,39.67 mm/1.562 in,76.48 mm/3.011 in,35900 N/8080 lbf,58200 N/13100 lbf
YASM2 1/4,2 1/4 in,60.3 mm / 2.374 in,35900 N / 8080 lbf,58200 N / 13100 lbf,Shroud Seal ,Two-Bolt Pillow Block ,,Industrial,2 1/4 in,Ball Bearing,GY1204KRRB,Shroud Seal,Two-Bolt Pillow Block,YASM2 1/4,69.85 mm/2.75 in,239.7 mm/9.437 in,60.3 mm/2.374 in,188.1 mm/7.406 in,18.26 mm/0.719 in,29.46 mm/1.16 in,23.8 mm,138.9 mm/5.469 in,65.07 mm/2.562 in,39.67 mm/1.562 in,76.48 mm/3.011 in,35900 N/8080 lbf,58200 N/13100 lbf
YAS2 1/4,2 1/4 in,60.3 mm / 2.374 in,35900 N / 8080 lbf,58200 N / 13100 lbf,Shroud Seal ,Two-Bolt Pillow Block ,,Industrial,2 1/4 in,Ball Bearing,GY1204KRRB,Shroud Seal,Two-Bolt Pillow Block,YAS2 1/4,69.85 mm/2.75 in,239.7 mm/9.437 in,60.3 mm/2.374 in,188.1 mm/7.406 in,18.3 mm/0.72 in,29.4 mm/1.157 in,23.8 mm,138.9 mm/5.469 in,65.07 mm/2.562 in,39.67 mm/1.562 in,76.48 mm/3.011 in,35900 N/8080 lbf,58200 N/13100 lbf
YAK2 7/16 SGT,2 7/16 in,60.3 mm / 2.374 in,35900 N / 8080 lbf,58200 N / 13100 lbf,Shroud Seal ,Two-Bolt Pillow Block ,,Industrial,2 7/16 in,Ball Bearing,GY1207KRRB SGT,Shroud Seal,Two-Bolt Pillow Block,YAK2 7/16 SGT,68.26 mm/2.687 in,239.7 mm/9.437 in,60.3 mm/2.374 in,188.1 mm/7.406 in,18.3 mm/0.72 in,29.4 mm/1.157 in,22.2 mm,137.3 mm/5.406 in,65.07 mm/2.562 in,39.67 mm/1.562 in,76.48 mm/3.011 in,35900 N/8080 lbf,58200 N/13100 lbf
YAS2 7/16 SGT,2 7/16 in,60.3 mm / 2.374 in,35900 N / 8080 lbf,58200 N / 13100 lbf,Shroud Seal ,Two-Bolt Pillow Block ,,Industrial,2 7/16 in,Ball Bearing,GY1207KRRB SGT,Shroud Seal,Two-Bolt Pillow Block,YAS2 7/16 SGT,69.85 mm/2.75 in,239.7 mm/9.437 in,60.3 mm/2.374 in,188.1 mm/7.406 in,18.3 mm/0.72 in,29.4 mm/1.157 in,23.8 mm,138.9 mm/5.469 in,65.07 mm/2.562 in,39.67 mm/1.562 in,76.48 mm/3.011 in,35900 N/8080 lbf,58200 N/13100 lbf
YASM2 7/16,2 7/16 in,73.02 mm / 2.875 in,44000 N / 9890 lbf,69000 N / 15500 lbf,Shroud Seal ,Two-Bolt Pillow Block ,,Industrial,2 7/16 in,Ball Bearing,GYM1207KRRB,Shroud Seal,Two-Bolt Pillow Block,YASM2 7/16,76.2 mm/3 in,266.7 mm/10-1/2 in,73.02 mm/2.875 in,203.2 mm/8 in,20.57 mm/0.81 in,35.05 mm/1.38 in,33.34 mm,153.99 mm/6.063 in,69.85 mm/2.75 in,42.84 mm/1.687 in,76.48 mm/3.011 in,44000 N/9890 lbf,69000 N/15500 lbf
YAK2 7/16,2 7/16 in,60.3 mm / 2.374 in,35900 N / 8080 lbf,58200 N / 13100 lbf,Shroud Seal ,Two-Bolt Pillow Block ,,Industrial,2 7/16 in,Ball Bearing,GY1207KRRB,Shroud Seal,Two-Bolt Pillow Block,YAK2 7/16,68.26 mm/2.687 in,239.7 mm/9.437 in,60.3 mm/2.374 in,188.1 mm/7.406 in,18.3 mm/0.72 in,29.4 mm/1.157 in,22.2 mm,137.3 mm/5.406 in,65.07 mm/2.562 in,39.67 mm/1.562 in,76.48 mm/3.011 in,35900 N/8080 lbf,58200 N/13100 lbf
YAS2 7/16,2 7/16 in,60.3 mm / 2.374 in,35900 N / 8080 lbf,58200 N / 13100 lbf,Shroud Seal ,Two-Bolt Pillow Block ,,Industrial,2 7/16 in,Ball Bearing,GY1207KRRB,Shroud Seal,Two-Bolt Pillow Block,YAS2 7/16,69.85 mm/2.75 in,239.7 mm/9.437 in,60.3 mm/2.374 in,188.1 mm/7.406 in,18.3 mm/0.72 in,29.4 mm/1.157 in,23.8 mm,138.9 mm/5.469 in,65.07 mm/2.562 in,39.67 mm/1.562 in,76.48 mm/3.011 in,35900 N/8080 lbf,58200 N/13100 lbf
YASM2 1/2,2 1/2 in,73.02 mm / 2.875 in,44000 N / 9890 lbf,69000 N / 15500 lbf,Shroud Seal ,Two-Bolt Pillow Block ,,Industrial,2 1/2 in,Ball Bearing,GYM1208KRRB,Shroud Seal,Two-Bolt Pillow Block,YASM2 1/2,76.2 mm/3 in,266.7 mm/10-1/2 in,73.02 mm/2.875 in,203.2 mm/8 in,20.57 mm/0.81 in,35.05 mm/1.38 in,33.34 mm,153.99 mm/6.063 in,69.85 mm/2.75 in,42.84 mm/1.687 in,76.48 mm/3.011 in,44000 N/9890 lbf,69000 N/15500 lbf
YAK2 11/16,2 11/16 in,73 mm / 2.874 in,44000 N / 9890 lbf,69000 N / 15500 lbf,Shroud Seal ,Two-Bolt Pillow Block ,,Industrial,2 11/16 in,Ball Bearing,GY1211KRRB,Shroud Seal,Two-Bolt Pillow Block,YAK2 11/16,76.2 mm/3 in,266.7 mm/10-1/2 in,73 mm/2.874 in,203.2 mm/8 in,20.6 mm/0.811 in,34.9 mm/1.374 in,33.3 mm,154 mm/6.063 in,69.85 mm/2.75 in,42.84 mm/1.687 in,86.92 mm/3.422 in,44000 N/9890 lbf,69000 N/15500 lbf
YASM2 11/16,2 11/16 in,88.9 mm / 3.5 in,44800 N / 10100 lbf,68900 N / 15500 lbf,Shroud Seal ,Two-Bolt Pillow Block ,,Industrial,2 11/16 in,Ball Bearing,GYM1211KRRB,Shroud Seal,Two-Bolt Pillow Block,YASM2 11/16,88.9 mm/3.5 in,330.2 mm/13 in,88.9 mm/3.5 in,228.6 mm/9 in,23.88 mm/0.94 in,50.08 mm/1.972 in,31.75 mm,177.8 mm/7 in,77.8 mm/3.063 in,44.45 mm/1.75 in,91.92 mm/3.619 in,44800 N/10100 lbf,68900 N/15500 lbf
YAK2 15/16,2 15/16 in,82.6 mm / 3.252 in,44800 N / 10100 lbf,68900 N / 15500 lbf,Shroud Seal ,Two-Bolt Pillow Block ,,Industrial,2 15/16 in,Ball Bearing,GY1215KRRB,Shroud Seal,Two-Bolt Pillow Block,YAK2 15/16,84.14 mm/3.313 in,304.8 mm/12 in,82.6 mm/3.252 in,241.3 mm/9.5 in,22.2 mm/0.874 in,31.8 mm/1.252 in,38.1 mm,163.5 mm/6.437 in,77.8 mm/3.063 in,44.45 mm/1.75 in,91.92 mm/3.619 in,44800 N/10100 lbf,68900 N/15500 lbf
YAS2 15/16,2 15/16 in,69.4 mm / 2.732 in,44800 N / 10100 lbf,68900 N / 15500 lbf,Shroud Seal ,Two-Bolt Pillow Block ,,Industrial,2 15/16 in,Ball Bearing,GY1215KRRB,Shroud Seal,Two-Bolt Pillow Block,YAS2 15/16,82.55 mm/3.25 in,269.9 mm/10.626 in,69.4 mm/2.732 in,215.9 mm/8.5 in,14.3 mm/0.563 in,34.9 mm/1.374 in,25.4 mm,164.3 mm/6.469 in,77.8 mm/3.063 in,44.45 mm/1.75 in,91.92 mm/3.619 in,44800 N/10100 lbf,68900 N/15500 lbf
YAS2 15/16 H,2 15/16 in,88.9 mm / 3.5 in,44800 N / 10100 lbf,68900 N / 15500 lbf,Shroud Seal ,Two-Bolt Pillow Block ,,Industrial,2 15/16 in,Ball Bearing,GY1215KRRB,Shroud Seal,Two-Bolt Pillow Block,YAS2 15/16 H,88.4 mm/3.48 in,330.2 mm/13 in,88.9 mm/3.5 in,241.3 mm/9.5 in,23.8 mm/0.937 in,31.8 mm/1.252 in,31.8 mm,177.8 mm/7 in,77.8 mm/3.063 in,44.45 mm/1.75 in,91.92 mm/3.619 in,44800 N/10100 lbf,68900 N/15500 lbf
YASM2 15/16,2 15/16 in,88.9 mm / 3.5 in,54200 N / 12200 lbf,79400 N / 17900 lbf,Shroud Seal ,Two-Bolt Pillow Block ,,Industrial,2 15/16 in,Ball Bearing,GYM1215KRRB,Shroud Seal,Two-Bolt Pillow Block,YASM2 15/16,88.9 mm/3.5 in,330.2 mm/13 in,88.9 mm/3.5 in,228.6 mm/9 in,23.88 mm/0.94 in,50.08 mm/1.972 in,31.75 mm,177.8 mm/7 in,77.8 mm/3.063 in,44.45 mm/1.75 in,91.92 mm/3.619 in,54200 N/12200 lbf,79400 N/17900 lbf
YAS2 15/16 SGT,2 15/16 in,69.85 mm / 2.75 in,44800 N / 10100 lbf,68900 N / 15500 lbf,Shroud Seal ,Two-Bolt Pillow Block ,,Industrial,2 15/16 in,Ball Bearing,GY1215KRRB SGT,Shroud Seal,Two-Bolt Pillow Block,YAS2 15/16 SGT,82.55 mm/3.25 in,269.9 mm/10.626 in,69.85 mm/2.75 in,215.9 mm/8.5 in,23.8 mm/0.937 in,31.8 mm/1.252 in,25.4 mm/1 in,164.3 mm/6.469 in,77.8 mm/3.063 in,44.48 mm/1.751 in,,44800 N/10100 lbf,68900 N/15500 lbf
YASM3,3 in,88.9 mm / 3.5 in,54200 N / 12200 lbf,79400 N / 17900 lbf,Shroud Seal ,Two-Bolt Pillow Block ,,Industrial,3 in,Ball Bearing,GYM1300KRRB,Shroud Seal,Two-Bolt Pillow Block,YASM3,88.9 mm/3.5 in,330.2 mm/13 in,88.9 mm/3.5 in,228.6 mm/9 in,23.88 mm/0.94 in,50.08 mm/1.972 in,31.75 mm,177.8 mm/7 in,77.8 mm/3.063 in,44.45 mm/1.75 in,91.92 mm/3.619 in,54200 N/12200 lbf,79400 N/17900 lbf
YASM3 7/16,3 7/16 in,111.25 mm / 4.38 in,71500 N / 16100 lbf,106400 N / 23900 lbf,Shroud Seal ,Two-Bolt Pillow Block ,,Industrial,3 7/16 in,Ball Bearing,GYM1307KRRB,Shroud Seal,Two-Bolt Pillow Block,YASM3 7/16,101.6 mm/4 in,381 mm/15 in,111.25 mm/4.38 in,282.7 mm/11.13 in,23.88 mm/0.94 in,60.45 mm/2.38 in,33.27 mm,209.55 mm/8.25 in,96 mm/3.781 in,55.7 mm/2.218 in,111.7 mm/4.3975 in,71500 N/16100 lbf,106400 N/23900 lbf
YASM3 15/16,3 15/16 in,114.3 mm / 4.5 in,104400 N / 23500 lbf,147500 N / 33200 lbf,Shroud Seal ,Two-Bolt Pillow Block ,,Industrial,3 15/16 in,Ball Bearing,GYM1315KRRB,Shroud Seal,Two-Bolt Pillow Block,YASM3 15/16,127 mm/5 in,431.8 mm/17 in,114.3 mm/4.5 in,336.55 mm/13.25 in,28.7 mm/1.13 in,63.5 mm/2.5 in,33.27 mm,254 mm/10 in,117.48 mm/4.6250 in,68.27 mm/2.687 in,131.35 mm/5.1709 in,104400 N/23500 lbf,147500 N/33200 lbf
YAK 17,17 mm,30.2 mm / 1.189 in,4700 N / 1070 lbf,10700 N / 2380 lbf,Shroud Seal ,Two-Bolt Pillow Block ,,Industrial,17 mm,Ball Bearing,GYE17KRRB,Shroud Seal,Two-Bolt Pillow Block,YAK17,26.99 mm/1.063 in,123.8 mm/4.874 in,30.2 mm/1.189 in,92.1 mm/3.626 in,11.1 mm/0.437 in,22.2 mm/0.874 in,8.7 mm,53.2 mm/2.094 in,27.38 mm/1.078 in,15.88 mm/0.625 in,22.86 mm/0.9 in,4700 N/1070 lbf,10700 N/2380 lbf
SAK 17,17 mm,30.2 mm / 1.189 in,4700 N / 1070 lbf,10700 N / 2380 lbf,Narrow Shroud ,Two-Bolt Pillow Block ,,Standard,17 mm,Ball Bearing,GYAE17RRB,Narrow Shroud,Two-Bolt Pillow Block,SAK17,26.99 mm/1.063 in,123.8 mm/4.874 in,30.2 mm/1.189 in,92.1 mm/3.626 in,11.1 mm/0.437 in,22.2 mm/0.874 in,8.7 mm,53.2 mm/2.094 in,23.8 mm/0.9370 in,15.85 mm/0.624 in,24.6 mm/0.969 in,4700 N/1070 lbf,10700 N/2380 lbf
YAS 17,17 mm,30.2 mm / 1.189 in,4700 N / 1070 lbf,10700 N / 2380 lbf,Shroud Seal ,Two-Bolt Pillow Block ,,Industrial,17 mm,Ball Bearing,GYE17KRRB,Shroud Seal,Two-Bolt Pillow Block,YAS17,30.16 mm/1.187 in,123.8 mm/4.874 in,30.2 mm/1.189 in,92.1 mm/3.626 in,11.1 mm/0.437 in,22.2 mm/0.874 in,11.9 mm,56.4 mm/2.22 in,27.38 mm/1.078 in,15.88 mm/0.625 in,22.86 mm/0.9 in,4700 N/1070 lbf,10700 N/2380 lbf
SAS 17,17 mm,30.2 mm / 1.189 in,4700 N / 1070 lbf,10700 N / 2380 lbf,Narrow Shroud ,Two-Bolt Pillow Block ,,Standard,17 mm,Ball Bearing,GYAE17RRB,Narrow Shroud,Two-Bolt Pillow Block,SAS17,30.16 mm/1.187 in,123.8 mm/4.874 in,30.2 mm/1.189 in,92.1 mm/3.626 in,11.1 mm/0.437 in,22.2 mm/0.874 in,11.9 mm,56.4 mm/2.22 in,23.8 mm/0.9370 in,15.85 mm/0.624 in,24.6 mm/0.969 in,4700 N/1070 lbf,10700 N/2380 lbf
YAK 20 SGT,20 mm,33.3 mm / 1.311 in,6500 N / 1460 lbf,14200 N / 3190 lbf,Shroud Seal ,Two-Bolt Pillow Block ,,Industrial,20 mm,Ball Bearing,GYE20KRRB SGT,Shroud Seal,Two-Bolt Pillow Block,YAK20 SGT,31.75 mm/1.25 in,127 mm/5 in,33.3 mm/1.311 in,96.4 mm/3.795 in,11.1 mm/0.437 in,20.2 mm/0.795 in,13.5 mm,64.3 mm/2.531 in,31.8 mm/1.252 in,19.1 mm/0.752 in,27.56 mm/1.085 in,6500 N/1460 lbf,14200 N/3190 lbf
SAK 20,20 mm,31.8 mm / 1.252 in,6500 N / 1460 lbf,14200 N / 3190 lbf,Narrow Shroud ,Two-Bolt Pillow Block ,,Standard,20 mm,Ball Bearing,GYAE20RRB,Narrow Shroud,Two-Bolt Pillow Block,SAK20,31.75 mm/1.25 in,127 mm/5 in,31.8 mm/1.252 in,96 mm/3.78 in,11.1 mm/0.437 in,19.8 mm/0.78 in,11.9 mm,62.7 mm/2.469 in,27 mm/1.063 in,18.14 mm/0.714 in,29 mm/1.142 in,6500 N/1460 lbf,14200 N/3190 lbf
YAS 20 SGT,20 mm,33.3 mm / 1.311 in,6500 N / 1460 lbf,14200 N / 3190 lbf,Shroud Seal ,Two-Bolt Pillow Block ,,Industrial,20 mm,Ball Bearing,GYE20KRRB SGT,Shroud Seal,Two-Bolt Pillow Block,YAS20 SGT,33.34 mm/1.313 in,127 mm/5 in,33.3 mm/1.311 in,96.4 mm/3.795 in,11.1 mm/0.437 in,20.2 mm/0.795 in,15.1 mm,65.9 mm/2.594 in,31.8 mm/1.252 in,19.1 mm/0.752 in,27.56 mm/1.085 in,6500 N/1460 lbf,14200 N/3190 lbf
SAS 20,20 mm,31.8 mm / 1.252 in,6500 N / 1460 lbf,14200 N / 3190 lbf,Narrow Shroud ,Two-Bolt Pillow Block ,,Standard,20 mm,Ball Bearing,GYAE20RRB,Narrow Shroud,Two-Bolt Pillow Block,SAS20,33.34 mm/1.313 in,127 mm/5 in,31.8 mm/1.252 in,96 mm/3.78 in,11.1 mm/0.437 in,19.8 mm/0.78 in,13.5 mm,64.3 mm/2.531 in,27 mm/1.063 in,18.14 mm/0.714 in,29 mm/1.142 in,6500 N/1460 lbf,14200 N/3190 lbf
YAK 20,20 mm,33.3 mm / 1.311 in,6500 N / 1460 lbf,14200 N / 3190 lbf,Shroud Seal ,Two-Bolt Pillow Block ,,Industrial,20 mm,Ball Bearing,GYE20KRRB,Shroud Seal,Two-Bolt Pillow Block,YAK 20,31.75 mm/1.25 in,127 mm/5 in,33.3 mm/1.311 in,96.4 mm/3.795 in,11.1 mm/0.437 in,20.2 mm/0.795 in,13.5 mm,64.3 mm/2.531 in,31.8 mm/1.252 in,19.1 mm/0.752 in,27.56 mm/1.085 in,6500 N/1460 lbf,14200 N/3190 lbf
YAS 20,20 mm,33.3 mm / 1.311 in,6500 N / 1460 lbf,14200 N / 3190 lbf,Shroud Seal ,Two-Bolt Pillow Block ,,Industrial,20 mm,Ball Bearing,GYE20KRRB,Shroud Seal,Two-Bolt Pillow Block,YAS 20,33.34 mm/1.313 in,127 mm/5 in,33.3 mm/1.311 in,96.4 mm/3.795 in,11.1 mm/0.437 in,20.2 mm/0.795 in,15.1 mm,65.9 mm/2.594 in,31.8 mm/1.252 in,19.1 mm/0.752 in,27.56 mm/1.085 in,6500 N/1460 lbf,14200 N/3190 lbf
KAK 20 PS,20 mm,33.3 mm / 1.311 in,890 N / 200 lbf,,Shroud Seal ,Two-Bolt Pillow Block ,,PS,20 mm,Ball Bearing,GKYE20RRB,Shroud Seal,Two-Bolt Pillow Block,KAK 20,31.75 mm/1.25 in,127 mm/5 in,33.3 mm/1.311 in,96 mm/3.781 in,11.1 mm/0.437 in,20.2 mm/0.795 in,13.5 mm,64.3 mm/2.531 in,25.15 mm/0.99 in,18.15 mm/0.714 in,28.51 mm/1.1225 in,890 N/200 lbf,
KAS 20 PS,20 mm,33.3 mm / 1.311 in,890 N / 200 lbf,,Shroud Seal ,Two-Bolt Pillow Block ,,PS,20 mm,Ball Bearing,GKYE20RRB,Shroud Seal,Two-Bolt Pillow Block,KAS 20,33.34 mm/1.938 in,127 mm/5 in,33.3 mm/1.311 in,96 mm/3.781 in,11.1 mm/0.437 in,20.2 mm/0.795 in,13.5 mm,64.3 mm/2.531 in,25.15 mm/0.99 in,18.15 mm/0.714 in,28.51 mm/1.1225 in,890 N/200 lbf,
YAK 25 SGT,25 mm,37.3 mm / 1.469 in,7800 N / 1750 lbf,15500 N / 3490 lbf,Shroud Seal ,Two-Bolt Pillow Block ,,Industrial,25 mm,Ball Bearing,GYE25KRRB SGT,Shroud Seal,Two-Bolt Pillow Block,YAK25 SGT,33.34 mm/1.313 in,139.7 mm/5.5 in,37.3 mm/1.469 in,104.8 mm/4.126 in,11.1 mm/0.437 in,20.6 mm/0.811 in,11.9 mm,70 mm/2.756 in,34.85 mm/1.372 in,20.56 mm/0.809 in,33.83 mm/1.332 in,7800 N/1750 lbf,15500 N/3490 lbf
SAK 25,25 mm,35.7 mm / 1.406 in,7800 N / 1750 lbf,15500 N / 3490 lbf,Narrow Shroud ,Two-Bolt Pillow Block ,,Standard,25 mm,Ball Bearing,GYAE25RRB,Narrow Shroud,Two-Bolt Pillow Block,SAK25,33.34 mm/1.313 in,139.7 mm/5.5 in,35.7 mm/1.406 in,104.8 mm/4.126 in,11.1 mm/0.437 in,20.6 mm/0.811 in,11.9 mm,68 mm/2.677 in,28.2 mm/1.11 in,19.36 mm/0.762 in,33.7 mm/1.327 in,7800 N/1750 lbf,15500 N/3490 lbf
YAS 25 SGT,25 mm,37.3 mm / 1.469 in,7800 N / 1750 lbf,15500 N / 3490 lbf,Shroud Seal ,Two-Bolt Pillow Block ,,Industrial,25 mm,Ball Bearing,GYE25KRRB SGT,Shroud Seal,Two-Bolt Pillow Block,YAS25 SGT,36.51 mm/1.437 in,139.7 mm/5.5 in,37.3 mm/1.469 in,104.8 mm/4.126 in,11.1 mm/0.437 in,20.6 mm/0.811 in,15.1 mm,73 mm/2.874 in,34.85 mm/1.372 in,20.56 mm/0.809 in,33.83 mm/1.332 in,7800 N/1750 lbf,15500 N/3490 lbf
SAS 25,25 mm,35.7 mm / 1.406 in,7800 N / 1750 lbf,15500 N / 3490 lbf,Narrow Shroud ,Two-Bolt Pillow Block ,,Standard,25 mm,Ball Bearing,GYAE25RRB,Narrow Shroud,Two-Bolt Pillow Block,SAS25,36.51 mm/1.437 in,139.7 mm/5.5 in,35.7 mm/1.406 in,104.8 mm/4.126 in,11.1 mm/0.437 in,20.6 mm/0.811 in,15.1 mm,71.4 mm/2.811 in,28.2 mm/1.11 in,19.36 mm/0.762 in,33.7 mm/1.327 in,7800 N/1750 lbf,15500 N/3490 lbf
YAK 25 PT SGT,25 mm,37.3 mm / 1.469 in,7800 N / 1750 lbf,15500 N / 3490 lbf,Shroud Seal ,Two-Bolt Pillow Block ,,Industrial,25 mm,Ball Bearing,GYE25KRRB TDCF SGT,Shroud Seal,Two-Bolt Pillow Block,YAK 25 PT SGT,33.34 mm/1.313 in,139.7 mm/5.5 in,37.3 mm/1.469 in,104.8 mm/4.126 in,11.1 mm/0.437 in,20.6 mm/0.811 in,11.9 mm,70 mm/2.756 in,34.85 mm/1.372 in,20.56 mm/0.809 in,33.83 mm/1.332 in,7800 N/1750 lbf,15500 N/3490 lbf
YAS 25 PT SGT,25 mm,37.3 mm / 1.469 in,7800 N / 1750 lbf,15500 N / 3490 lbf,Shroud Seal ,Two-Bolt Pillow Block ,,Industrial,25 mm,Ball Bearing,GYE25KRRB TDCF SGT,Shroud Seal,Two-Bolt Pillow Block,YAS 25 PT SGT,36.51 mm/1.437 in,139.7 mm/5.5 in,37.3 mm/1.469 in,104.8 mm/4.126 in,11.1 mm/0.437 in,20.6 mm/0.811 in,15.1 mm,73 mm/2.874 in,34.85 mm/1.372 in,20.56 mm/0.809 in,33.83 mm/1.332 in,7800 N/1750 lbf,15500 N/3490 lbf
KAK 25 PS,25 mm,37.3 mm / 1.469 in,1067 N / 240 lbf,,Shroud Seal ,Two-Bolt Pillow Block ,,PS,25 mm,Ball Bearing,GKYE25RRB,Shroud Seal,Two-Bolt Pillow Block,KAK 25,33.34 mm/1.313 in,139.7 mm/5.5 in,37.3 mm/1.469 in,104.78 mm/4 1/8 in,11.1 mm/0.437 in,20.6 mm/0.811 in,11.9 mm,70 mm/2.756 in,28.12 mm/1.107 in,20.62 mm/0.812 in,33.6 mm/1.323 in,1067 N/240 lbf,
KAS 25 PS,25 mm,37.3 mm / 1.469 in,1067 N / 240 lbf,,Shroud Seal ,Two-Bolt Pillow Block ,,PS,25 mm,Ball Bearing,GKYE25RRB,Shroud Seal,Two-Bolt Pillow Block,KAS 25,36.51 mm/1.438 in,139.7 mm/5.5 in,37.3 mm/1.469 in,104.78 mm/4 1/8 in,11.1 mm/0.437 in,20.6 mm/0.811 in,11.9 mm,70 mm/2.756 in,28.12 mm/1.107 in,20.62 mm/0.812 in,33.6 mm/1.323 in,1067 N/240 lbf,
YAS 25,25 mm,35.7 mm / 2.88 in,7800 N / 1750 lbf,15500 N / 3490 lbf,Shroud Seal ,Two-Bolt Pillow Block ,,Industrial,25 mm,Ball Bearing,GYE25KRRB,Shroud Seal,Two-Bolt Pillow Block,YAS 25,36.51 mm/1.437 in,139.7 mm/5.5 in,35.7 mm/2.88 in,104.8 mm/4.126 in,11.1 mm/0.437 in,20.6 mm/0.811 in,15.1 mm/0.59 in,73 mm/2.874 in,34.171 mm/1.345 in,19.901 mm/0.784 in,,7800 N/1750 lbf,15500 N/3490 lbf
YAK 30 SGT,30 mm,42.9 mm / 1.689 in,11300 N / 2530 lbf,21600 N / 4850 lbf,Shroud Seal ,Two-Bolt Pillow Block ,,Industrial,30 mm,Ball Bearing,GYE30KRRB SGT,Shroud Seal,Two-Bolt Pillow Block,YAK30 SGT,39.69 mm/1.563 in,157.2 mm/6.189 in,42.9 mm/1.689 in,117.5 mm/4.626 in,14.3 mm/0.563 in,23.8 mm/0.937 in,13.5 mm,81.8 mm/3.22 in,39.1 mm/1.539 in,23.24 mm/0.915 in,40.31 mm/1.5870 in,11300 N/2530 lbf,21600 N/4850 lbf
SAK 30,30 mm,39.7 mm / 1.563 in,11300 N / 2530 lbf,21600 N / 4850 lbf,Narrow Shroud ,Two-Bolt Pillow Block ,,Standard,30 mm,Ball Bearing,GYAE30RRB,Narrow Shroud,Two-Bolt Pillow Block,SAK30,39.69 mm/1.563 in,157.2 mm/6.189 in,39.7 mm/1.563 in,117.5 mm/4.626 in,14.3 mm/0.563 in,23.8 mm/0.937 in,13.5 mm,80.2 mm/3.157 in,32.5 mm/1.28 in,22.85 mm/0.9 in,40.1 mm/1.579 in,11300 N/2530 lbf,21600 N/4850 lbf
YAS 30 SGT,30 mm,42.9 mm / 1.689 in,11300 N / 2530 lbf,21600 N / 4850 lbf,Shroud Seal ,Two-Bolt Pillow Block ,,Industrial,30 mm,Ball Bearing,GYE30KRRB SGT,Shroud Seal,Two-Bolt Pillow Block,YAS30 SGT,42.86 mm/1.687 in,157.2 mm/6.189 in,42.9 mm/1.689 in,117.5 mm/4.626 in,14.3 mm/0.563 in,23.8 mm/0.937 in,16.7 mm,84.9 mm/3.343 in,39.1 mm/1.539 in,23.24 mm/0.915 in,40.31 mm/1.5870 in,11300 N/2530 lbf,21600 N/4850 lbf
SAS 30,30 mm,39.7 mm / 1.563 in,11300 N / 2530 lbf,21600 N / 4850 lbf,Narrow Shroud ,Two-Bolt Pillow Block ,,Standard,30 mm,Ball Bearing,GYAE30RRB,Narrow Shroud,Two-Bolt Pillow Block,SAS30,42.86 mm/1.687 in,157.2 mm/6.189 in,39.7 mm/1.563 in,117.5 mm/4.626 in,14.3 mm/0.563 in,23.8 mm/0.937 in,16.7 mm,83.3 mm/3.28 in,32.5 mm/1.28 in,22.85 mm/0.9 in,40.1 mm/1.579 in,11300 N/2530 lbf,21600 N/4850 lbf
KAK 30 PS,30 mm,42.9 mm / 1.689 in,1556 N / 350 lbf,,Shroud Seal ,Two-Bolt Pillow Block ,,PS,30 mm,Ball Bearing,GKYE30RRB,Shroud Seal,Two-Bolt Pillow Block,KAK 30,39.69 mm/1.563 in,157.16 mm/6.188 in,42.9 mm/1.689 in,117.48 mm/4.625 in,14.3 mm/0.563 in,23.8 mm/0.937 in,13.5 mm,81.8 mm/3.22 in,31.37 mm/1.235 in,22.37 mm/0.881 in,40.39 mm/1.59 in,1556 N/350 lbf,
KAS 30 PS,30 mm,42.9 mm / 1.689 in,1556 N / 350 lbf,,Shroud Seal ,Two-Bolt Pillow Block ,,PS,30 mm,Ball Bearing,GKYE30RRB,Shroud Seal,Two-Bolt Pillow Block,KAS 30,42.86 mm/1.688 in,157.16 mm/6.188 in,42.9 mm/1.689 in,117.48 mm/4.625 in,14.3 mm/0.563 in,23.8 mm/0.937 in,13.5 mm,81.8 mm/3.22 in,31.37 mm/1.235 in,22.37 mm/0.881 in,40.39 mm/1.59 in,1556 N/350 lbf,
YAS 30,30 mm,42.9 mm / 1.689 in,11300 N / 2530 lbf,21600 N / 4850 lbf,Shroud Seal ,Two-Bolt Pillow Block ,,Industrial,30 mm,Ball Bearing,GYE30KRRB,Shroud Seal,Two-Bolt Pillow Block,YAS 30,42.86 mm/1.687 in,157.2 mm/6.189 in,42.9 mm/1.689 in,117.5 mm/4.626 in,14.3 mm/0.563 in,23.8 mm/0.937 in,16.7 mm/0.66 in,84.9 mm/3.343 in,38.158 mm/1.5023 in,22.278 mm/0.877 in,,11300 N/2530 lbf,21600 N/4850 lbf
YAK 35 SGT,35 mm,46.8 mm / 1.843 in,15300 N / 3440 lbf,28500 N / 6400 lbf,Shroud Seal ,Two-Bolt Pillow Block ,,Industrial,35 mm,Ball Bearing,GYE35KRRB SGT,Shroud Seal,Two-Bolt Pillow Block,YAK35 SGT,46.04 mm/1.813 in,166.7 mm/6.563 in,46.8 mm/1.843 in,130.2 mm/5.126 in,14.3 mm/0.563 in,24.6 mm/0.969 in,16.7 mm,93.7 mm/3.689 in,45.41 mm/1.788 in,27.94 mm/1.1 in,46.18 mm/1.818 in,15300 N/3440 lbf,28500 N/6400 lbf
SAK 35,35 mm,45.2 mm / 1.78 in,15300 N / 3440 lbf,28500 N / 6400 lbf,Narrow Shroud ,Two-Bolt Pillow Block ,,Standard,35 mm,Ball Bearing,GYAE35RRB,Narrow Shroud,Two-Bolt Pillow Block,SAK35,46.04 mm/1.813 in,166.7 mm/6.563 in,45.2 mm/1.78 in,130.2 mm/5.126 in,14.3 mm/0.563 in,24.6 mm/0.969 in,16.7 mm,92.1 mm/3.626 in,36.5 mm/1.4370 in,25.65 mm/1.01 in,46.8 mm/1.8430 in,15300 N/3440 lbf,28500 N/6400 lbf
YAS 35 SGT,35 mm,46.8 mm / 1.843 in,15300 N / 3440 lbf,28500 N / 6400 lbf,Shroud Seal ,Two-Bolt Pillow Block ,,Industrial,35 mm,Ball Bearing,GYE35KRRB SGT,Shroud Seal,Two-Bolt Pillow Block,YAS35 SGT,47.63 mm/1.875 in,166.7 mm/6.563 in,46.8 mm/1.843 in,130.2 mm/5.126 in,14.3 mm/0.563 in,24.6 mm/0.969 in,18.3 mm,95.3 mm/3.752 in,45.41 mm/1.788 in,27.94 mm/1.1 in,46.18 mm/1.818 in,15300 N/3440 lbf,28500 N/6400 lbf
SAS 35,35 mm,45.2 mm / 1.78 in,15300 N / 3440 lbf,28500 N / 6400 lbf,Narrow Shroud ,Two-Bolt Pillow Block ,,Standard,35 mm,Ball Bearing,GYAE35RRB,Narrow Shroud,Two-Bolt Pillow Block,SAS35,47.62 mm/1.875 in,166.7 mm/6.563 in,45.2 mm/1.78 in,130.2 mm/5.126 in,14.3 mm/0.563 in,24.6 mm/0.969 in,18.3 mm,93.6 mm/3.685 in,36.5 mm/1.4370 in,25.65 mm/1.01 in,46.8 mm/1.8430 in,15300 N/3440 lbf,28500 N/6400 lbf
YAS 35 PT SGT,35 mm,46.8 mm / 1.843 in,15300 N / 3440 lbf,28500 N / 6400 lbf,Shroud Seal ,Two-Bolt Pillow Block ,,Industrial,35 mm,Ball Bearing,GYE35KRRB TDCF SGT,Shroud Seal,Two-Bolt Pillow Block,YAS 35 PT SGT,47.63 mm/1.875 in,166.7 mm/6.563 in,46.8 mm/1.843 in,130.2 mm/5.126 in,14.3 mm/0.563 in,24.6 mm/0.969 in,18.3 mm,95.3 mm/3.752 in,45.41 mm/1.788 in,27.94 mm/1.1 in,46.18 mm/1.818 in,15300 N/3440 lbf,28500 N/6400 lbf
KAK 35 PS,35 mm,46.8 mm / 1.843 in,2112 N / 475 lbf,,Shroud Seal ,Two-Bolt Pillow Block ,,PS,35 mm,Ball Bearing,GKYE35RRB,Shroud Seal,Two-Bolt Pillow Block,KAK 35,46 mm/1.813 in,166.69 mm/6.563 in,46.8 mm/1.843 in,130.18 mm/5.125 in,14.3 mm/0.563 in,24.6 mm/0.969 in,16.7 mm,93.7 mm/3.689 in,36.68 mm/1.444 in,27.18 mm/1.07 in,47.24 mm/1.86 in,2112 N/475 lbf,
KAS 35 PS,35 mm,46.8 mm / 1.843 in,2112 N / 475 lbf,,Shroud Seal ,Two-Bolt Pillow Block ,,PS,35 mm,Ball Bearing,GKYE35RRB,Shroud Seal,Two-Bolt Pillow Block,KAS 35,47.63 mm/1.875 in,166.69 mm/6.563 in,46.8 mm/1.843 in,130.18 mm/5.125 in,14.3 mm/0.563 in,24.6 mm/0.969 in,16.7 mm,93.7 mm/3.689 in,36.68 mm/1.444 in,27.18 mm/1.07 in,47.24 mm/1.86 in,2112 N/475 lbf,
YAS 35,35 mm,46.8 mm / 1.843 in,15300 N / 3440 lbf,28500 N / 6400 lbf,Shroud Seal ,Two-Bolt Pillow Block ,,Industrial,35 mm,Ball Bearing,GYE35KRRB,Shroud Seal,Two-Bolt Pillow Block,YAS 35,47.63 mm/1.875 in,166.7 mm/6.563 in,46.8 mm/1.843 in,130.2 mm/5.126 in,14.3 mm/0.563 in,24.6 mm/0.969 in,18.3 mm/0.72 in,95.3 mm/3.752 in,42.93 mm/1.69 in,25.45 mm/1.002 in,,15300 N/3440 lbf,28500 N/6400 lbf
YAK 40 SGT,40 mm,51.6 mm / 2.031 in,19800 N / 4460 lbf,36200 N / 8130 lbf,Shroud Seal ,Two-Bolt Pillow Block ,,Industrial,40 mm,Ball Bearing,GYE40KRRB SGT,Shroud Seal,Two-Bolt Pillow Block,YAK40 SGT,49.21 mm/1.937 in,179.4 mm/7.063 in,51.6 mm/2.031 in,136.5 mm/5.374 in,14.3 mm/0.563 in,26.2 mm/1.031 in,19.1 mm,101.6 mm/4 in,49.22 mm/1.938 in,30.17 mm/1.188 in,52.27 mm/2.058 in,19800 N/4460 lbf,36200 N/8130 lbf
SAK 40,40 mm,47.6 mm / 1.874 in,19800 N / 4460 lbf,36200 N / 8130 lbf,Narrow Shroud ,Two-Bolt Pillow Block ,,Standard,40 mm,Ball Bearing,GYAE40RRB,Narrow Shroud,Two-Bolt Pillow Block,SAK40,49.21 mm/1.937 in,179.4 mm/7.063 in,47.6 mm/1.874 in,136.5 mm/5.374 in,14.3 mm/0.563 in,26.2 mm/1.031 in,19.1 mm,100 mm/3.937 in,39.3 mm/1.547 in,27.67 mm/1.089 in,52.4 mm/2.063 in,19800 N/4460 lbf,36200 N/8130 lbf
YAS 40 SGT,40 mm,51.6 mm / 2.031 in,19800 N / 4460 lbf,36200 N / 8130 lbf,Shroud Seal ,Two-Bolt Pillow Block ,,Industrial,40 mm,Ball Bearing,GYE40KRRB SGT,Shroud Seal,Two-Bolt Pillow Block,YAS40 SGT,49.21 mm/1.937 in,179.4 mm/7.063 in,51.6 mm/2.031 in,136.5 mm/5.374 in,14.3 mm/0.563 in,26.2 mm/1.031 in,19.1 mm,101.6 mm/4 in,49.22 mm/1.938 in,30.17 mm/1.188 in,52.27 mm/2.058 in,19800 N/4460 lbf,36200 N/8130 lbf
SAS 40,40 mm,47.6 mm / 1.874 in,19800 N / 4460 lbf,36200 N / 8130 lbf,Narrow Shroud ,Two-Bolt Pillow Block ,,Standard,40 mm,Ball Bearing,GYAE40RRB,Narrow Shroud,Two-Bolt Pillow Block,SAS40,49.21 mm/1.937 in,179.4 mm/7.063 in,47.6 mm/1.874 in,136.5 mm/5.374 in,14.3 mm/0.563 in,26.2 mm/1.031 in,19 mm,100 mm/3.937 in,39.3 mm/1.547 in,27.67 mm/1.089 in,52.4 mm/2.063 in,19800 N/4460 lbf,36200 N/8130 lbf
YAS 40 PT SGT,40 mm,51.6 mm / 2.031 in,19800 N / 4460 lbf,36200 N / 8130 lbf,Shroud Seal ,Two-Bolt Pillow Block ,,Industrial,40 mm,Ball Bearing,GYE40KRRB TDCF SGT,Shroud Seal,Two-Bolt Pillow Block,YAS 40 PT SGT,49.21 mm/1.937 in,179.4 mm/7.063 in,51.6 mm/2.031 in,136.5 mm/5.374 in,14.3 mm/0.563 in,26.2 mm/1.031 in,19.1 mm,101.6 mm/4 in,49.22 mm/1.938 in,30.17 mm/1.188 in,52.27 mm/2.058 in,19800 N/4460 lbf,36200 N/8130 lbf
YAS 40,40 mm,51.6 mm / 2.031 in,19800 N / 4460 lbf,36200 N / 8130 lbf,Shroud Seal ,Two-Bolt Pillow Block ,,Industrial,40 mm,Ball Bearing,GYE40KRRB,Shroud Seal,Two-Bolt Pillow Block,YAS 40,49.21 mm/1.937 in,179.4 mm/7.063 in,51.6 mm/2.031 in,136.5 mm/5.374 in,14.3 mm/0.563 in,26.2 mm/1.031 in,19.1 mm/0.75 in,101.6 mm/4 in,49.22 mm/1.938 in,30.17 mm/1.188 in,,19800 N/4460 lbf,36200 N/8130 lbf
YAK 45 SGT,45 mm,52.4 mm / 2.063 in,20500 N / 4600 lbf,36300 N / 8160 lbf,Shroud Seal ,Two-Bolt Pillow Block ,,Industrial,45 mm,Ball Bearing,GYE45KRRB SGT,Shroud Seal,Two-Bolt Pillow Block,YAK45 SGT,52.39 mm/2.063 in,191.3 mm/7.531 in,52.4 mm/2.063 in,149.2 mm/5.874 in,14.3 mm/0.563 in,28.6 mm/1.126 in,17.5 mm,104.8 mm/4.126 in,50.37 mm/1.983 in,31.32 mm/1.233 in,57.92 mm/2.28 in,20500 N/4600 lbf,36300 N/8160 lbf
SAK 45,45 mm,50.8 mm / 2 in,20500 N / 4600 lbf,36300 N / 8160 lbf,Narrow Shroud ,Two-Bolt Pillow Block ,,Standard,45 mm,Ball Bearing,GYAE45RRB,Narrow Shroud,Two-Bolt Pillow Block,SAK45,52.39 mm/2.063 in,191.3 mm/7.531 in,50.8 mm/2 in,149.2 mm/5.874 in,14.3 mm/0.563 in,28.6 mm/1.126 in,17.5 mm,104.8 mm/4.126 in,42 mm/1.654 in,28.54 mm/1.124 in,57.9 mm/2.28 in,20500 N/4600 lbf,36300 N/8160 lbf
YAS 45 SGT,45 mm,52.4 mm / 2.063 in,20500 N / 4600 lbf,36300 N / 8160 lbf,Shroud Seal ,Two-Bolt Pillow Block ,,Industrial,45 mm,Ball Bearing,GYE45KRRB SGT,Shroud Seal,Two-Bolt Pillow Block,YAS45 SGT,53.98 mm/2.125 in,191.3 mm/7.531 in,52.4 mm/2.063 in,149.2 mm/5.874 in,14.3 mm/0.563 in,28.6 mm/1.126 in,19.1 mm,106.4 mm/4.189 in,50.37 mm/1.983 in,31.32 mm/1.233 in,57.92 mm/2.28 in,20500 N/4600 lbf,36300 N/8160 lbf
SAS 45,45 mm,51 mm / 2.008 in,20500 N / 4600 lbf,36300 N / 8160 lbf,Narrow Shroud ,Two-Bolt Pillow Block ,,Standard,45 mm,Ball Bearing,GYAE45RRB,Narrow Shroud,Two-Bolt Pillow Block,SAS45,53.9 mm/2.122 in,191.3 mm/7.531 in,51 mm/2.008 in,149.2 mm/5.874 in,14.3 mm/0.563 in,28.6 mm/1.126 in,19 mm,106.3 mm/4.185 in,42 mm/1.654 in,28.54 mm/1.124 in,57.9 mm/2.28 in,20500 N/4600 lbf,36300 N/8160 lbf
YAS 45,45 mm,52.4 mm / 2.063 in,20500 N / 4600 lbf,36300 N / 8160 lbf,Shroud Seal ,Two-Bolt Pillow Block ,,Industrial,45 mm,Ball Bearing,GYE45KRRB,Shroud Seal,Two-Bolt Pillow Block,YAS 45,53.98 mm/2.125 in,191.3 mm/7.531 in,52.4 mm/2.063 in,149.2 mm/5.874 in,14.3 mm/0.563 in,28.6 mm/1.126 in,19.1 mm/0.75 in,106.4 mm/4.189 in,49.22 mm/1.94 in,30.17 mm/1.188 in,,20500 N/4600 lbf,36300 N/8160 lbf
YAK 50 SGT,50 mm,57.9 mm / 2.28 in,23200 N / 5210 lbf,38900 N / 8740 lbf,Shroud Seal ,Two-Bolt Pillow Block ,,Industrial,50 mm,Ball Bearing,GYE50KRRB SGT,Shroud Seal,Two-Bolt Pillow Block,YAK50 SGT,55.56 mm/2.187 in,200.2 mm/7.882 in,57.9 mm/2.28 in,158 mm/6.22 in,18.3 mm/0.72 in,25.4 mm/1 in,17.5 mm,112.7 mm/4.437 in,51.59 mm/2.031 in,32.54 mm/1.281 in,62.84 mm/2.474 in,23200 N/5210 lbf,38900 N/8740 lbf
SAK 50,50 mm,55.6 mm / 2.189 in,23200 N / 5210 lbf,38900 N / 8740 lbf,Narrow Shroud ,Two-Bolt Pillow Block ,,Standard,50 mm,Ball Bearing,GYAE50RRB,Narrow Shroud,Two-Bolt Pillow Block,SAK50,55.56 mm/2.187 in,200.2 mm/7.882 in,55.6 mm/2.189 in,158 mm/6.22 in,17.5 mm/0.689 in,23.8 mm/0.937 in,17.5 mm,112.7 mm/4.437 in,44.3 mm/1.744 in,30.84 mm/1.214 in,62.7 mm/2.469 in,23200 N/5210 lbf,38900 N/8740 lbf
YAS 50 SGT,50 mm,57.9 mm / 2.28 in,23200 N / 5210 lbf,38900 N / 8740 lbf,Shroud Seal ,Two-Bolt Pillow Block ,,Industrial,50 mm,Ball Bearing,GYE50KRRB SGT,Shroud Seal,Two-Bolt Pillow Block,YAS50 SGT,57.15 mm/2.25 in,200.2 mm/7.882 in,57.9 mm/2.28 in,158 mm/6.22 in,18.3 mm/0.72 in,25.4 mm/1 in,19.1 mm,114.3 mm/4.5 in,51.59 mm/2.031 in,32.54 mm/1.281 in,62.84 mm/2.474 in,23200 N/5210 lbf,38900 N/8740 lbf
SAS 50,50 mm,55.6 mm / 2.189 in,23200 N / 5210 lbf,38900 N / 8740 lbf,Narrow Shroud ,Two-Bolt Pillow Block ,,Standard,50 mm,Ball Bearing,GYAE50RRB,Narrow Shroud,Two-Bolt Pillow Block,SAS50,57.2 mm/2.252 in,200 mm/7.874 in,55.6 mm/2.189 in,158 mm/6.22 in,17.5 mm/0.689 in,23.8 mm/0.937 in,19 mm,114.3 mm/4.5 in,44.3 mm/1.744 in,30.84 mm/1.214 in,62.7 mm/2.469 in,23200 N/5210 lbf,38900 N/8740 lbf
YAS 50,50 mm,57.9 mm / 2.28 in,23200 N / 5210 lbf,38900 N / 8740 lbf,Shroud Seal ,Two-Bolt Pillow Block ,,Industrial,50 mm,Ball Bearing,GYE50KRRB,Shroud Seal,Two-Bolt Pillow Block,YAS 50,57.15 mm/2.25 in,200.2 mm/7.882 in,57.9 mm/2.28 in,158 mm/6.22 in,18.3 mm/0.72 in,25.4 mm/1 in,19.1 mm/0.75 in,114.3 mm/4.5 in,51.59 mm/2.031 in,32.54 mm/1.281 in,,23200 N/5210 lbf,38900 N/8740 lbf
YAK 55 SGT,55 mm,60.3 mm / 2.374 in,29200 N / 6570 lbf,48100 N / 10800 lbf,Shroud Seal ,Two-Bolt Pillow Block ,,Industrial,55 mm,Ball Bearing,GYE55KRRB SGT,Shroud Seal,Two-Bolt Pillow Block,YAK55 SGT,61.91 mm/2.437 in,222.3 mm/8.752 in,60.3 mm/2.374 in,176.2 mm/6.937 in,18.3 mm/0.72 in,29.4 mm/1.157 in,19.1 mm,126.2 mm/4.969 in,55.55 mm/2.187 in,33.32 mm/1.312 in,69.77 mm/2.747 in,29200 N/6570 lbf,48100 N/10800 lbf
SAK 55,55 mm,58.7 mm / 2.311 in,29200 N / 6570 lbf,48100 N / 10800 lbf,Narrow Shroud ,Two-Bolt Pillow Block ,,Standard,55 mm,Ball Bearing,GYAE55RRB,Narrow Shroud,Two-Bolt Pillow Block,SAK55,61.91 mm/2.437 in,222.3 mm/8.752 in,58.7 mm/2.311 in,176.2 mm/6.937 in,18.3 mm/0.72 in,29.4 mm/1.157 in,19.1 mm,124.6 mm/4.906 in,46.6 mm/1.835 in,32 mm/1.26 in,69.8 mm/2.748 in,29200 N/6570 lbf,48100 N/10800 lbf
YAS 55 SGT,55 mm,60.3 mm / 2.374 in,29200 N / 6570 lbf,48100 N / 10800 lbf,Shroud Seal ,Two-Bolt Pillow Block ,,Industrial,55 mm,Ball Bearing,GYE55KRRB SGT,Shroud Seal,Two-Bolt Pillow Block,YAS55 SGT,63.5 mm/2.5 in,222.3 mm/8.752 in,60.3 mm/2.374 in,176.2 mm/6.937 in,18.3 mm/0.72 in,29.4 mm/1.157 in,20.6 mm,127.8 mm/5.031 in,55.55 mm/2.187 in,33.32 mm/1.312 in,69.77 mm/2.747 in,29200 N/6570 lbf,48100 N/10800 lbf
SAS 55,55 mm,58.7 mm / 2.311 in,29200 N / 6570 lbf,48100 N / 10800 lbf,Narrow Shroud ,Two-Bolt Pillow Block ,,Standard,55 mm,Ball Bearing,GYAE55RRB,Narrow Shroud,Two-Bolt Pillow Block,SAS55,63.5 mm/2.5 in,222.3 mm/8.752 in,58.7 mm/2.311 in,176.2 mm/6.937 in,18.3 mm/0.72 in,29.4 mm/1.157 in,20.6 mm,126.2 mm/4.969 in,46.6 mm/1.835 in,32 mm/1.26 in,69.8 mm/2.748 in,29200 N/6570 lbf,48100 N/10800 lbf
YAK 55,55 mm,60.3 mm / 2.374 in,29200 N / 6570 lbf,48100 N / 10800 lbf,Shroud Seal ,Two-Bolt Pillow Block ,,Industrial,55 mm,Ball Bearing,GYE55KRRB,Shroud Seal,Two-Bolt Pillow Block,YAK 55,61.91 mm/2.437 in,222.3 mm/8.752 in,60.3 mm/2.374 in,176.2 mm/6.937 in,18.3 mm/0.72 in,29.4 mm/1.157 in,19.1 mm,126.2 mm/4.969 in,55.55 mm/2.187 in,33.32 mm/1.312 in,69.77 mm/2.747 in,29200 N/6570 lbf,48100 N/10800 lbf
YAS 55,55 mm,60.3 mm / 2.374 in,29200 N / 6570 lbf,48100 N / 10800 lbf,Shroud Seal ,Two-Bolt Pillow Block ,,Industrial,55 mm,Ball Bearing,GYE55KRRB,Shroud Seal,Two-Bolt Pillow Block,YAS 55,63.5 mm/2.5 in,222.3 mm/8.752 in,60.3 mm/2.374 in,176.2 mm/6.937 in,18.3 mm/0.72 in,29.4 mm/1.157 in,20.6 mm,127.8 mm/5.031 in,55.55 mm/2.187 in,33.32 mm/1.312 in,69.77 mm/2.747 in,29200 N/6570 lbf,48100 N/10800 lbf
YAK 60 SGT,60 mm,60.3 mm / 2.374 in,35900 N / 8080 lbf,58200 N / 13100 lbf,Shroud Seal ,Two-Bolt Pillow Block ,,Industrial,60 mm,Ball Bearing,GYE60KRRB SGT,Shroud Seal,Two-Bolt Pillow Block,YAK60 SGT,68.26 mm/2.687 in,239.7 mm/9.437 in,60.3 mm/2.374 in,188.1 mm/7.406 in,18.3 mm/0.72 in,29.4 mm/1.157 in,22.2 mm,137.3 mm/5.406 in,65.07 mm/2.562 in,39.67 mm/1.562 in,76.48 mm/3.011 in,35900 N/8080 lbf,58200 N/13100 lbf
YAS 60 SGT,60 mm,60.3 mm / 2.374 in,35900 N / 8080 lbf,58200 N / 13100 lbf,Shroud Seal ,Two-Bolt Pillow Block ,,Industrial,60 mm,Ball Bearing,GYE60KRRB SGT,Shroud Seal,Two-Bolt Pillow Block,YAS60 SGT,69.85 mm/2.75 in,239.7 mm/9.437 in,60.3 mm/2.374 in,188.1 mm/7.406 in,18.3 mm/0.72 in,29.4 mm/1.157 in,23.8 mm,138.9 mm/5.469 in,65.07 mm/2.562 in,39.67 mm/1.562 in,76.48 mm/3.011 in,35900 N/8080 lbf,58200 N/13100 lbf
YAK 60,60 mm,60.3 mm / 2.374 in,35900 N / 8080 lbf,58200 N / 13100 lbf,Shroud Seal ,Two-Bolt Pillow Block ,,Industrial,60 mm,Ball Bearing,GYE60KRRB,Shroud Seal,Two-Bolt Pillow Block,YAK 60,68.26 mm/2.687 in,239.7 mm/9.437 in,60.3 mm/2.374 in,188.1 mm/7.406 in,18.3 mm/0.72 in,29.4 mm/1.157 in,22.2 mm,137.3 mm/5.406 in,65.07 mm/2.562 in,39.67 mm/1.562 in,76.48 mm/3.011 in,35900 N/8080 lbf,58200 N/13100 lbf
YAS 60,60 mm,60.3 mm / 2.374 in,35900 N / 8080 lbf,58200 N / 13100 lbf,Shroud Seal ,Two-Bolt Pillow Block ,,Industrial,60 mm,Ball Bearing,GYE60KRRB,Shroud Seal,Two-Bolt Pillow Block,YAS 60,69.85 mm/2.75 in,239.7 mm/9.437 in,60.3 mm/2.374 in,188.1 mm/7.406 in,18.3 mm/0.72 in,29.4 mm/1.157 in,23.8 mm/0.93 in,138.9 mm/5.469 in,65.07 mm/2.562 in,39.67 mm/1.562 in,,35900 N/8080 lbf,58200 N/13100 lbf
YAK 70,70 mm,73 mm / 2.874 in,44000 N / 9890 lbf,69000 N / 15500 lbf,Shroud Seal ,Two-Bolt Pillow Block ,,Industrial,70 mm,Ball Bearing,GYE70KRRB,Shroud Seal,Two-Bolt Pillow Block,YAK70,76.2 mm/3 in,266.7 mm/10-1/2 in,73 mm/2.874 in,203.2 mm/8 in,20.6 mm/0.811 in,34.9 mm/1.374 in,33.3 mm,154 mm/6.063 in,69.85 mm/2.75 in,42.84 mm/1.687 in,86.92 mm/3.422 in,44000 N/9890 lbf,69000 N/15500 lbf
