Part Number,Bearing Number,Shaft Size,Base to Center Height,Bolt Spacing Min,Bolt Spacing Max,Bolt Hole Spacing - Across,C0 - Static Load,C - Dynamic Load (Basic),CAD,Engineering Group,Bearing Number,Shaft Size,Shaft Size Type,Full Timken Part Number,Locking Style,Housing Construction,UPC Code,Dimension A,Dimension B,Dimension C,Dimension D Min,Dimension D Max,Dimension E,Dimension F,Dimension G,Dimension H,Dimension J (Bolt Size),Dimension KA,Dimension L,Dimension M,Dimension RA,Dimension SA,C0 - Static Load,C - Dynamic Load (Basic),e - Geometry Factor,Y1 - Geometry Factor,Y2 - Geometry Factor,Oil Lubrication - M/N Seal,Oil Lubrication - T Seal,Oil Lubrication - B/C/O Seal,Grease Lubrication - M/N Seal,Grease Lubrication - T Seal,Grease Lubrication - B/C/O Seal,Float,Shaft Tolerance,Eng Internal Radial Clearance - Min,Eng Internal Radial Clearance - Max,Pre Install Clearance Min,Pre Install Clearance Max
QAPF13A060S,22213 ,60 mm,2.75 in / 69.9 mm,6.88 in / 174.8 mm,7.63 in / 193.8 mm,1.75 in / 44.5 mm,48600 lbf / 216000 N,46400 lbf / 206000 N,,Mounted Bearing,22213,60 mm,Metric,QAPF13A060SB/QAPF13A060SC/QAPF13A060SEB/QAPF13A060SEC/QAPF13A060SEM/QAPF13A060SEN/QAPF13A060SEO/QAPF13A060SET/QAPF13A060SM/QAPF13A060SN/QAPF13A060SO/QAPF13A060ST,Single Concentric,Four-Bolt Pillow Block,0883450331562/0883450331579/0883450331586/0883450331593/0883450331609/0883450331616/0883450331623/0883450331630/0883450331647/0883450331654/0883450331661/0883450331678,2.75 in/69.9 mm,5.8 in/147.3 mm,3.81 in/96.8 mm,6.88 in/174.8 mm,7.63 in/193.8 mm,1.75 in/44.5 mm,9.25 in/235 mm,3 in/76.2 mm,0.98 in/24.9 mm,0.625 in/16 mm,1.24 in/31.5 mm,3.65 in/92.7 mm,2.15 in/54.6 mm,0.21 in/5.3 mm,3.39 in/86.1 mm,48600 lbf/216000 N,46400 lbf/206000 N,0.24,2.79,4.15,1800 rpm,3200 rpm,1500 rpm,1800 rpm,2800 rpm,1500 rpm,0.083 in/2.108 mm,0.0015 in/0.038 mm,0.0016,0.0026,0.0016 in/0.040 mm,0.0026 in/0.065 mm
QAPR13A060S,22213 ,60 mm,2.75 in / 69.9 mm,7.13 in / 181.1 mm,8.75 in / 222.3 mm,1.88 in / 47.8 mm,48600 lbf / 216000 N,46400 lbf / 206000 N,,Mounted Bearing,22213,60 mm,Metric,QAPR13A060SB/QAPR13A060SC/QAPR13A060SEB/QAPR13A060SEC/QAPR13A060SEM/QAPR13A060SEN/QAPR13A060SEO/QAPR13A060SET/QAPR13A060SM/QAPR13A060SN/QAPR13A060SO/QAPR13A060ST,Single Concentric,Four-Bolt Pillow Block,0883450333122/0883450333139/0883450333146/0883450333153/0883450333160/0883450333177/0883450333184/0883450333191/0883450333207/0883450333214/0883450333221/0883450333238,2.75 in/69.9 mm,5.8 in/147.3 mm,3.81 in/96.8 mm,7.13 in/181.1 mm,8.75 in/222.3 mm,1.88 in/47.8 mm,10.25 in/260.4 mm,3.25 in/82.6 mm,0.98 in/24.9 mm,0.625 in/16 mm,1.24 in/31.5 mm,3.77 in/95.8 mm,2.15 in/54.6 mm,0.21 in/5.3 mm,3.39 in/86.1 mm,48600 lbf/216000 N,46400 lbf/206000 N,0.24,2.79,4.15,1800 rpm,3200 rpm,1500 rpm,1800 rpm,2800 rpm,1500 rpm,0.083 in/2.108 mm,0.0015 in/0.038 mm,0.0016,0.0026,0.0016 in/0.040 mm,0.0026 in/0.065 mm
QAPX13A060S,22213 ,60 mm,3 in / 76.2 mm,6.94 in / 176.3 mm,9.56 in / 242.8 mm,2.63 in / 66.8 mm,48600 lbf / 216000 N,46400 lbf / 206000 N,,Mounted Bearing,22213,60 mm,Metric,QAPX13A060SB/QAPX13A060SC/QAPX13A060SEB/QAPX13A060SEC/QAPX13A060SEM/QAPX13A060SEN/QAPX13A060SEO/QAPX13A060SET/QAPX13A060SM/QAPX13A060SN/QAPX13A060SO/QAPX13A060ST,Single Concentric,Four-Bolt Pillow Block,,3 in/76.2 mm,6.05 in/153.7 mm,3.81 in/96.8 mm,6.94 in/176.3 mm,9.56 in/242.8 mm,2.63 in/66.8 mm,11.25 in/285.8 mm,3.88 in/98.6 mm,1.22 in/31 mm,0.625 in/16 mm,1.24 in/31.5 mm,4.09 in/103.9 mm,2.15 in/54.6 mm,0.21 in/5.3 mm,3.39 in/86.1 mm,48600 lbf/216000 N,46400 lbf/206000 N,0.24,2.79,4.15,1800 rpm,3200 rpm,1500 rpm,1800 rpm,2800 rpm,1500 rpm,0.083 in/2.108 mm,0.0015 in/0.038 mm,0.0016,0.0026,0.0016 in/0.040 mm,0.0026 in/0.065 mm
QAPF13A207S,22213 ,2 7/16 in,2.75 in / 69.9 mm,6.88 in / 174.8 mm,7.63 in / 193.8 mm,1.75 in / 44.5 mm,48600 lbf / 216000 N,46400 lbf / 206000 N,,Mounted Bearing,22213,2 7/16 in,Imperial,QAPF13A207SB/QAPF13A207SC/QAPF13A207SEB/QAPF13A207SEC/QAPF13A207SEM/QAPF13A207SEN/QAPF13A207SEO/QAPF13A207SET/QAPF13A207SM/QAPF13A207SN/QAPF13A207SO/QAPF13A207ST,Single Concentric,Four-Bolt Pillow Block,0883450045902/0883450045919/0883450045933/0883450045940/0883450045957/0883450045964/0883450045971/0883450045988/0883450189262/0883450189378/0883450266604/0883450266710,2.75 in/69.9 mm,5.8 in/147.3 mm,3.81 in/96.8 mm,6.88 in/174.8 mm,7.63 in/193.8 mm,1.75 in/44.5 mm,9.25 in/235 mm,3 in/76.2 mm,0.98 in/24.9 mm,0.625 in/16 mm,1.24 in/31.5 mm,3.65 in/92.7 mm,2.15 in/54.6 mm,0.21 in/5.3 mm,3.39 in/86.1 mm,48600 lbf/216000 N,46400 lbf/206000 N,0.24,2.79,4.15,1800 rpm,3200 rpm,1500 rpm,1800 rpm,2800 rpm,1500 rpm,0.083 in/2.108 mm,0.0015 in/0.038 mm,0.0016,0.0026,0.0016 in/0.040 mm,0.0026 in/0.065 mm
QAPR13A207S,22213 ,2 7/16 in,2.75 in / 69.9 mm,7.13 in / 181.1 mm,8.75 in / 222.3 mm,1.88 in / 47.8 mm,48600 lbf / 216000 N,46400 lbf / 206000 N,,Mounted Bearing,22213,2 7/16 in,Imperial,QAPR13A207SB/QAPR13A207SC/QAPR13A207SEB/QAPR13A207SEC/QAPR13A207SEM/QAPR13A207SEN/QAPR13A207SEO/QAPR13A207SET/QAPR13A207SM/QAPR13A207SN/QAPR13A207SO/QAPR13A207ST,Single Concentric,Four-Bolt Pillow Block,0883450048606/0883450048613/0883450048637/0883450048644/0883450048651/0883450048668/0883450048675/0883450048682/0883450189743/0883450189859/0883450267106/0883450267212,2.75 in/69.9 mm,5.8 in/147.3 mm,3.81 in/96.8 mm,7.13 in/181.1 mm,8.75 in/222.3 mm,1.88 in/47.8 mm,10.25 in/260.4 mm,3.25 in/82.6 mm,0.98 in/24.9 mm,0.625 in/16 mm,1.24 in/31.5 mm,3.77 in/95.8 mm,2.15 in/54.6 mm,0.21 in/5.3 mm,3.39 in/86.1 mm,48600 lbf/216000 N,46400 lbf/206000 N,0.24,2.79,4.15,1800 rpm,3200 rpm,1500 rpm,1800 rpm,2800 rpm,1500 rpm,0.083 in/2.108 mm,0.0015 in/0.038 mm,0.0016,0.0026,0.0016 in/0.040 mm,0.0026 in/0.065 mm
QAPX13A207S,22213 ,2 7/16 in,3 in / 76.2 mm,6.94 in / 176.3 mm,9.56 in / 242.8 mm,2.63 in / 66.8 mm,48600 lbf / 216000 N,46400 lbf / 206000 N,,Mounted Bearing,22213,2 7/16 in,Imperial,QAPX13A207SB/QAPX13A207SC/QAPX13A207SEB/QAPX13A207SEC/QAPX13A207SEM/QAPX13A207SEN/QAPX13A207SEO/QAPX13A207SET/QAPX13A207SM/QAPX13A207SN/QAPX13A207SO/QAPX13A207ST,Single Concentric,Four-Bolt Pillow Block,,3 in/76.2 mm,6.05 in/153.7 mm,3.81 in/96.8 mm,6.94 in/176.3 mm,9.56 in/242.8 mm,2.63 in/66.8 mm,11.25 in/285.8 mm,3.88 in/98.6 mm,1.22 in/31 mm,0.625 in/16 mm,1.24 in/31.5 mm,4.09 in/103.9 mm,2.15 in/54.6 mm,0.21 in/5.3 mm,3.39 in/86.1 mm,48600 lbf/216000 N,46400 lbf/206000 N,0.24,2.79,4.15,1800 rpm,3200 rpm,1500 rpm,1800 rpm,2800 rpm,1500 rpm,0.083 in/2.108 mm,0.0015 in/0.038 mm,0.0016,0.0026,0.0016 in/0.040 mm,0.0026 in/0.065 mm
QAPF13A208S,22213 ,2 1/2 in,2.75 in / 69.9 mm,6.88 in / 174.8 mm,7.63 in / 193.8 mm,1.75 in / 44.5 mm,48600 lbf / 216000 N,46400 lbf / 206000 N,,Mounted Bearing,22213,2 1/2 in,Imperial,QAPF13A208SB/QAPF13A208SC/QAPF13A208SEB/QAPF13A208SEC/QAPF13A208SEM/QAPF13A208SEN/QAPF13A208SEO/QAPF13A208SET/QAPF13A208SM/QAPF13A208SN/QAPF13A208SO/QAPF13A208ST,Single Concentric,Four-Bolt Pillow Block,0883450046008/0883450046015/0883450046039/0883450046046/0883450046053/0883450046060/0883450046077/0883450046084/0883450189279/0883450189385/0883450266611/0883450266727,2.75 in/69.9 mm,5.8 in/147.3 mm,3.81 in/96.8 mm,6.88 in/174.8 mm,7.63 in/193.8 mm,1.75 in/44.5 mm,9.25 in/235 mm,3 in/76.2 mm,0.98 in/24.9 mm,0.625 in/16 mm,1.24 in/31.5 mm,3.65 in/92.7 mm,2.15 in/54.6 mm,0.21 in/5.3 mm,3.39 in/86.1 mm,48600 lbf/216000 N,46400 lbf/206000 N,0.24,2.79,4.15,1800 rpm,3200 rpm,1500 rpm,1800 rpm,2800 rpm,1500 rpm,0.083 in/2.108 mm,0.0015 in/0.038 mm,0.0016,0.0026,0.0016 in/0.040 mm,0.0026 in/0.065 mm
QAPR13A208S,22213 ,2 1/2 in,2.75 in / 69.9 mm,7.13 in / 181.1 mm,8.75 in / 222.3 mm,1.88 in / 47.8 mm,48600 lbf / 216000 N,46400 lbf / 206000 N,,Mounted Bearing,22213,2 1/2 in,Imperial,QAPR13A208SB/QAPR13A208SC/QAPR13A208SEB/QAPR13A208SEC/QAPR13A208SEM/QAPR13A208SEN/QAPR13A208SEO/QAPR13A208SET/QAPR13A208SM/QAPR13A208SN/QAPR13A208SO/QAPR13A208ST,Single Concentric,Four-Bolt Pillow Block,0883450048705/0883450048712/0883450048736/0883450048743/0883450048750/0883450048767/0883450048774/0883450048781/0883450189750/0883450189866/0883450267113/0883450267229,2.75 in/69.9 mm,5.8 in/147.3 mm,3.81 in/96.8 mm,7.13 in/181.1 mm,8.75 in/222.3 mm,1.88 in/47.8 mm,10.25 in/260.4 mm,3.25 in/82.6 mm,0.98 in/24.9 mm,0.625 in/16 mm,1.24 in/31.5 mm,3.77 in/95.8 mm,2.15 in/54.6 mm,0.21 in/5.3 mm,3.39 in/86.1 mm,48600 lbf/216000 N,46400 lbf/206000 N,0.24,2.79,4.15,1800 rpm,3200 rpm,1500 rpm,1800 rpm,2800 rpm,1500 rpm,0.083 in/2.108 mm,0.0015 in/0.038 mm,0.0016,0.0026,0.0016 in/0.040 mm,0.0026 in/0.065 mm
QAPX13A208S,22213 ,2 1/2 in,3 in / 76.2 mm,6.94 in / 176.3 mm,9.56 in / 242.8 mm,2.63 in / 66.8 mm,48600 lbf / 216000 N,46400 lbf / 206000 N,,Mounted Bearing,22213,2 1/2 in,Imperial,QAPX13A208SB/QAPX13A208SC/QAPX13A208SEB/QAPX13A208SEC/QAPX13A208SEM/QAPX13A208SEN/QAPX13A208SEO/QAPX13A208SET/QAPX13A208SM/QAPX13A208SN/QAPX13A208SO/QAPX13A208ST,Single Concentric,Four-Bolt Pillow Block,,3 in/76.2 mm,6.05 in/153.7 mm,3.81 in/96.8 mm,6.94 in/176.3 mm,9.56 in/242.8 mm,2.63 in/66.8 mm,11.25 in/285.8 mm,3.88 in/98.6 mm,1.22 in/31 mm,0.625 in/16 mm,1.24 in/31.5 mm,4.09 in/103.9 mm,2.15 in/54.6 mm,0.21 in/5.3 mm,3.39 in/86.1 mm,48600 lbf/216000 N,46400 lbf/206000 N,0.24,2.79,4.15,1800 rpm,3200 rpm,1500 rpm,1800 rpm,2800 rpm,1500 rpm,0.083 in/2.108 mm,0.0015 in/0.038 mm,0.0016,0.0026,0.0016 in/0.040 mm,0.0026 in/0.065 mm
QAPF13A065S,22213 ,65 mm,2.75 in / 69.9 mm,6.88 in / 174.8 mm,7.63 in / 193.8 mm,1.75 in / 44.5 mm,48600 lbf / 216000 N,46400 lbf / 206000 N,,Mounted Bearing,22213,65 mm,Metric,QAPF13A065SB/QAPF13A065SC/QAPF13A065SEB/QAPF13A065SEC/QAPF13A065SEM/QAPF13A065SEN/QAPF13A065SEO/QAPF13A065SET/QAPF13A065SM/QAPF13A065SN/QAPF13A065SO/QAPF13A065ST,Single Concentric,Four-Bolt Pillow Block,0883450045803/0883450045810/0883450045834/0883450045841/0883450045858/0883450045865/0883450045872/0883450045889/0883450189286/0883450189392/0883450266628/0883450266734,2.75 in/69.9 mm,5.8 in/147.3 mm,3.81 in/96.8 mm,6.88 in/174.8 mm,7.63 in/193.8 mm,1.75 in/44.5 mm,9.25 in/235 mm,3 in/76.2 mm,0.98 in/24.9 mm,0.625 in/16 mm,1.24 in/31.5 mm,3.65 in/92.7 mm,2.15 in/54.6 mm,0.21 in/5.3 mm,3.39 in/86.1 mm,48600 lbf/216000 N,46400 lbf/206000 N,0.24,2.79,4.15,1800 rpm,3200 rpm,1500 rpm,1800 rpm,2800 rpm,1500 rpm,0.083 in/2.108 mm,0.0015 in/0.038 mm,0.0016,0.0026,0.0016 in/0.040 mm,0.0026 in/0.065 mm
QAPR13A065S,22213 ,65 mm,2.75 in / 69.9 mm,7.13 in / 181.1 mm,8.75 in / 222.3 mm,1.88 in / 47.8 mm,48600 lbf / 216000 N,46400 lbf / 206000 N,,Mounted Bearing,22213,65 mm,Metric,QAPR13A065SB/QAPR13A065SC/QAPR13A065SEB/QAPR13A065SEC/QAPR13A065SEM/QAPR13A065SEN/QAPR13A065SEO/QAPR13A065SET/QAPR13A065SM/QAPR13A065SN/QAPR13A065SO/QAPR13A065ST,Single Concentric,Four-Bolt Pillow Block,0883450048507/0883450048514/0883450048538/0883450048545/0883450048552/0883450048569/0883450048576/0883450048583/0883450189767/0883450189873/0883450267120/0883450267236,2.75 in/69.9 mm,5.8 in/147.3 mm,3.81 in/96.8 mm,7.13 in/181.1 mm,8.75 in/222.3 mm,1.88 in/47.8 mm,10.25 in/260.4 mm,3.25 in/82.6 mm,0.98 in/24.9 mm,0.625 in/16 mm,1.24 in/31.5 mm,3.77 in/95.8 mm,2.15 in/54.6 mm,0.21 in/5.3 mm,3.39 in/86.1 mm,48600 lbf/216000 N,46400 lbf/206000 N,0.24,2.79,4.15,1800 rpm,3200 rpm,1500 rpm,1800 rpm,2800 rpm,1500 rpm,0.083 in/2.108 mm,0.0015 in/0.038 mm,0.0016,0.0026,0.0016 in/0.040 mm,0.0026 in/0.065 mm
QAPX13A065S,22213 ,65 mm,3 in / 76.2 mm,6.94 in / 176.3 mm,9.56 in / 242.8 mm,2.63 in / 66.8 mm,48600 lbf / 216000 N,46400 lbf / 206000 N,,Mounted Bearing,22213,65 mm,Metric,QAPX13A065SB/QAPX13A065SC/QAPX13A065SEB/QAPX13A065SEC/QAPX13A065SEM/QAPX13A065SEN/QAPX13A065SEO/QAPX13A065SET/QAPX13A065SM/QAPX13A065SN/QAPX13A065SO/QAPX13A065ST,Single Concentric,Four-Bolt Pillow Block,,3 in/76.2 mm,6.05 in/153.7 mm,3.81 in/96.8 mm,6.94 in/176.3 mm,9.56 in/242.8 mm,2.63 in/66.8 mm,11.25 in/285.8 mm,3.88 in/98.6 mm,1.22 in/31 mm,0.625 in/16 mm,1.24 in/31.5 mm,4.09 in/103.9 mm,2.15 in/54.6 mm,0.21 in/5.3 mm,3.39 in/86.1 mm,48600 lbf/216000 N,46400 lbf/206000 N,0.24,2.79,4.15,1800 rpm,3200 rpm,1500 rpm,1800 rpm,2800 rpm,1500 rpm,0.083 in/2.108 mm,0.0015 in/0.038 mm,0.0016,0.0026,0.0016 in/0.040 mm,0.0026 in/0.065 mm
QAPF15A211S,22215 ,2 11/16 in,3.25 in / 82.6 mm,7.6 in / 193 mm,9.1 in / 231.1 mm,1.88 in / 47.8 mm,54100 lbf / 240000 N,49900 lbf / 222000 N,,Mounted Bearing,22215,2 11/16 in,Imperial,QAPF15A211SB/QAPF15A211SC/QAPF15A211SEB/QAPF15A211SEC/QAPF15A211SEM/QAPF15A211SEN/QAPF15A211SEO/QAPF15A211SET/QAPF15A211SM/QAPF15A211SN/QAPF15A211SO/QAPF15A211ST,Single Concentric,Four-Bolt Pillow Block,0883450299046/0883450299053/0883450299060/0883450299077/0883450299084/0883450299091/0883450299107/0883450299114/0883450299121/0883450299138/0883450299145/0883450299152,3.25 in/82.6 mm,6.6 in/167.6 mm,4.29 in/109 mm,7.6 in/193 mm,9.1 in/231.1 mm,1.88 in/47.8 mm,10.44 in/265.2 mm,3.13 in/79.5 mm,1.29 in/32.8 mm,0.625 in/16 mm,1.25 in/31.8 mm,3.94 in/100.1 mm,2.37 in/60.2 mm,0.24 in/6.1 mm,3.62 in/91.9 mm,54100 lbf/240000 N,49900 lbf/222000 N,0.22,3.14,4.67,1600 rpm,2900 rpm,1300 rpm,1600 rpm,2400 rpm,1300 rpm,0.083 in/2.108 mm,0.0020 in/0.051 mm,0.0020,0.0031,0.0020 in/0.050 mm,0.0031 in/0.080 mm
QAPR15A211S,22215 ,2 11/16 in,3.13 in / 79.5 mm,8 in / 203.2 mm,9.6 in / 243.8 mm,2.13 in / 54.1 mm,54100 lbf / 240000 N,49900 lbf / 222000 N,,Mounted Bearing,22215,2 11/16 in,Imperial,QAPR15A211SB/QAPR15A211SC/QAPR15A211SEB/QAPR15A211SEC/QAPR15A211SEM/QAPR15A211SEN/QAPR15A211SEO/QAPR15A211SET/QAPR15A211SM/QAPR15A211SN/QAPR15A211SO/QAPR15A211ST,Single Concentric,Four-Bolt Pillow Block,0883450299992/0883450300001/0883450300018/0883450300025/0883450300032/0883450300049/0883450300056/0883450300063/0883450300070/0883450300087/0883450300094/0883450300100,3.13 in/79.5 mm,6.47 in/164.3 mm,4.29 in/109 mm,8 in/203.2 mm,9.6 in/243.8 mm,2.13 in/54.1 mm,10.83 in/275.1 mm,3.38 in/85.9 mm,1.16 in/29.5 mm,0.625 in/16 mm,1.25 in/31.8 mm,4.02 in/102.1 mm,2.37 in/60.2 mm,0.24 in/6.1 mm,3.62 in/91.9 mm,54100 lbf/240000 N,49900 lbf/222000 N,0.22,3.14,4.67,1600 rpm,2900 rpm,1300 rpm,1600 rpm,2400 rpm,1300 rpm,0.083 in/2.108 mm,0.0020 in/0.051 mm,0.0020,0.0031,0.0020 in/0.050 mm,0.0031 in/0.080 mm
QAPX15A211S,22215 ,2 11/16 in,3.5 in / 88.9 mm,9.06 in / 230.1 mm,10.44 in / 265.2 mm,2.75 in / 69.9 mm,54100 lbf / 240000 N,49900 lbf / 222000 N,,Mounted Bearing,22215,2 11/16 in,Imperial,QAPX15A211SB/QAPX15A211SC/QAPX15A211SEB/QAPX15A211SEC/QAPX15A211SEM/QAPX15A211SEN/QAPX15A211SEO/QAPX15A211SET/QAPX15A211SM/QAPX15A211SN/QAPX15A211SO/QAPX15A211ST,Single Concentric,Four-Bolt Pillow Block,,3.5 in/88.9 mm,6.83 in/173.5 mm,4.29 in/109 mm,9.06 in/230.1 mm,10.44 in/265.2 mm,2.75 in/69.9 mm,13 in/330.2 mm,4.25 in/108 mm,1.54 in/39.1 mm,0.75 in/20 mm,1.25 in/31.8 mm,4.5 in/114.3 mm,2.37 in/60.2 mm,0.28 in/7.1 mm,3.62 in/91.9 mm,54100 lbf/240000 N,49900 lbf/222000 N,0.22,3.14,4.67,1600 rpm,2900 rpm,1300 rpm,1600 rpm,2400 rpm,1300 rpm,0.083 in/2.108 mm,0.0020 in/0.051 mm,0.0020,0.0031,0.0020 in/0.050 mm,0.0031 in/0.080 mm
QAPF15A212S,22215 ,2 3/4 in,3.25 in / 82.6 mm,7.6 in / 193 mm,9.1 in / 231.1 mm,1.88 in / 47.8 mm,54100 lbf / 240000 N,49900 lbf / 222000 N,,Mounted Bearing,22215,2 3/4 in,Imperial,QAPF15A212SB/QAPF15A212SC/QAPF15A212SEB/QAPF15A212SEC/QAPF15A212SEM/QAPF15A212SEN/QAPF15A212SEO/QAPF15A212SET/QAPF15A212SM/QAPF15A212SN/QAPF15A212SO/QAPF15A212ST,Single Concentric,Four-Bolt Pillow Block,0883450331685/0883450331692/0883450331708/0883450331715/0883450331722/0883450331739/0883450331746/0883450331753/0883450331760/0883450331777/0883450331784/0883450331791,3.25 in/82.6 mm,6.6 in/167.6 mm,4.29 in/109 mm,7.6 in/193 mm,9.1 in/231.1 mm,1.88 in/47.8 mm,10.44 in/265.2 mm,3.13 in/79.5 mm,1.29 in/32.8 mm,0.625 in/16 mm,1.25 in/31.8 mm,3.94 in/100.1 mm,2.37 in/60.2 mm,0.24 in/6.1 mm,3.62 in/91.9 mm,54100 lbf/240000 N,49900 lbf/222000 N,0.22,3.14,4.67,1600 rpm,2900 rpm,1300 rpm,1600 rpm,2400 rpm,1300 rpm,0.083 in/2.108 mm,0.0020 in/0.051 mm,0.0020,0.0031,0.0020 in/0.050 mm,0.0031 in/0.080 mm
QAPR15A212S,22215 ,2 3/4 in,3.13 in / 79.5 mm,8 in / 203.2 mm,9.6 in / 243.8 mm,2.13 in / 54.1 mm,54100 lbf / 240000 N,49900 lbf / 222000 N,,Mounted Bearing,22215,2 3/4 in,Imperial,QAPR15A212SB/QAPR15A212SC/QAPR15A212SEB/QAPR15A212SEC/QAPR15A212SEM/QAPR15A212SEN/QAPR15A212SEO/QAPR15A212SET/QAPR15A212SM/QAPR15A212SN/QAPR15A212SO/QAPR15A212ST,Single Concentric,Four-Bolt Pillow Block,0883450333245/0883450333252/0883450333269/0883450333276/0883450333283/0883450333290/0883450333306/0883450333313/0883450333320/0883450333337/0883450333344/0883450333351,3.13 in/79.5 mm,6.47 in/164.3 mm,4.29 in/109 mm,8 in/203.2 mm,9.6 in/243.8 mm,2.13 in/54.1 mm,10.83 in/275.1 mm,3.38 in/85.9 mm,1.16 in/29.5 mm,0.625 in/16 mm,1.25 in/31.8 mm,4.02 in/102.1 mm,2.37 in/60.2 mm,0.24 in/6.1 mm,3.62 in/91.9 mm,54100 lbf/240000 N,49900 lbf/222000 N,0.22,3.14,4.67,1600 rpm,2900 rpm,1300 rpm,1600 rpm,2400 rpm,1300 rpm,0.083 in/2.108 mm,0.0020 in/0.051 mm,0.0020,0.0031,0.0020 in/0.050 mm,0.0031 in/0.080 mm
QAPX15A212S,22215 ,2 3/4 in,3.5 in / 88.9 mm,9.06 in / 230.1 mm,10.44 in / 265.2 mm,2.75 in / 69.9 mm,54100 lbf / 240000 N,49900 lbf / 222000 N,,Mounted Bearing,22215,2 3/4 in,Imperial,QAPX15A212SB/QAPX15A212SC/QAPX15A212SEB/QAPX15A212SEC/QAPX15A212SEM/QAPX15A212SEN/QAPX15A212SEO/QAPX15A212SET/QAPX15A212SM/QAPX15A212SN/QAPX15A212SO/QAPX15A212ST,Single Concentric,Four-Bolt Pillow Block,,3.5 in/88.9 mm,6.83 in/173.5 mm,4.29 in/109 mm,9.06 in/230.1 mm,10.44 in/265.2 mm,2.75 in/69.9 mm,13 in/330.2 mm,4.25 in/108 mm,1.54 in/39.1 mm,0.75 in/20 mm,1.25 in/31.8 mm,4.5 in/114.3 mm,2.37 in/60.2 mm,0.28 in/7.1 mm,3.62 in/91.9 mm,54100 lbf/240000 N,49900 lbf/222000 N,0.22,3.14,4.67,1600 rpm,2900 rpm,1300 rpm,1600 rpm,2400 rpm,1300 rpm,0.083 in/2.108 mm,0.0020 in/0.051 mm,0.0020,0.0031,0.0020 in/0.050 mm,0.0031 in/0.080 mm
QAPF15A070S,22215 ,70 mm,3.25 in / 82.6 mm,7.6 in / 193 mm,9.1 in / 231.1 mm,1.88 in / 47.8 mm,54100 lbf / 240000 N,49900 lbf / 222000 N,,Mounted Bearing,22215,70 mm,Metric,QAPF15A070SB/QAPF15A070SC/QAPF15A070SEB/QAPF15A070SEC/QAPF15A070SEM/QAPF15A070SEN/QAPF15A070SEO/QAPF15A070SET/QAPF15A070SM/QAPF15A070SN/QAPF15A070SO/QAPF15A070ST,Single Concentric,Four-Bolt Pillow Block,0883450299169/0883450299176/0883450299183/0883450299190/0883450299206/0883450299213/0883450299220/0883450299237/0883450299244/0883450299251/0883450299268/0883450299275,3.25 in/82.6 mm,6.6 in/167.6 mm,4.29 in/109 mm,7.6 in/193 mm,9.1 in/231.1 mm,1.88 in/47.8 mm,10.44 in/265.2 mm,3.13 in/79.5 mm,1.29 in/32.8 mm,0.625 in/16 mm,1.25 in/31.8 mm,3.94 in/100.1 mm,2.37 in/60.2 mm,0.24 in/6.1 mm,3.62 in/91.9 mm,54100 lbf/240000 N,49900 lbf/222000 N,0.22,3.14,4.67,1600 rpm,2900 rpm,1300 rpm,1600 rpm,2400 rpm,1300 rpm,0.083 in/2.108 mm,0.0020 in/0.051 mm,0.0020,0.0031,0.0020 in/0.050 mm,0.0031 in/0.080 mm
QAPR15A070S,22215 ,70 mm,3.13 in / 79.5 mm,8 in / 203.2 mm,9.6 in / 243.8 mm,2.13 in / 54.1 mm,54100 lbf / 240000 N,49900 lbf / 222000 N,,Mounted Bearing,22215,70 mm,Metric,QAPR15A070SB/QAPR15A070SC/QAPR15A070SEB/QAPR15A070SEC/QAPR15A070SEM/QAPR15A070SEN/QAPR15A070SEO/QAPR15A070SET/QAPR15A070SM/QAPR15A070SN/QAPR15A070SO/QAPR15A070ST,Single Concentric,Four-Bolt Pillow Block,0883450300117/0883450300124/0883450300131/0883450300148/0883450300155/0883450300162/0883450300179/0883450300186/0883450300193/0883450300209/0883450300216/0883450300223,3.13 in/79.5 mm,6.47 in/164.3 mm,4.29 in/109 mm,8 in/203.2 mm,9.6 in/243.8 mm,2.13 in/54.1 mm,10.83 in/275.1 mm,3.38 in/85.9 mm,1.16 in/29.5 mm,0.625 in/16 mm,1.25 in/31.8 mm,4.02 in/102.1 mm,2.37 in/60.2 mm,0.24 in/6.1 mm,3.62 in/91.9 mm,54100 lbf/240000 N,49900 lbf/222000 N,0.22,3.14,4.67,1600 rpm,2900 rpm,1300 rpm,1600 rpm,2400 rpm,1300 rpm,0.083 in/2.108 mm,0.0020 in/0.051 mm,0.0020,0.0031,0.0020 in/0.050 mm,0.0031 in/0.080 mm
QAPX15A070S,22215 ,70 mm,3.5 in / 88.9 mm,9.06 in / 230.1 mm,10.44 in / 265.2 mm,2.75 in / 69.9 mm,54100 lbf / 240000 N,49900 lbf / 222000 N,,Mounted Bearing,22215,70 mm,Metric,QAPX15A070SB/QAPX15A070SC/QAPX15A070SEB/QAPX15A070SEC/QAPX15A070SEM/QAPX15A070SEN/QAPX15A070SEO/QAPX15A070SET/QAPX15A070SM/QAPX15A070SN/QAPX15A070SO/QAPX15A070ST,Single Concentric,Four-Bolt Pillow Block,,3.5 in/88.9 mm,6.83 in/173.5 mm,4.29 in/109 mm,9.06 in/230.1 mm,10.44 in/265.2 mm,2.75 in/69.9 mm,13 in/330.2 mm,4.25 in/108 mm,1.54 in/39.1 mm,0.75 in/20 mm,1.25 in/31.8 mm,4.5 in/114.3 mm,2.37 in/60.2 mm,0.28 in/7.1 mm,3.62 in/91.9 mm,54100 lbf/240000 N,49900 lbf/222000 N,0.22,3.14,4.67,1600 rpm,2900 rpm,1300 rpm,1600 rpm,2400 rpm,1300 rpm,0.083 in/2.108 mm,0.0020 in/0.051 mm,0.0020,0.0031,0.0020 in/0.050 mm,0.0031 in/0.080 mm
QAPF15A215S,22215 ,2 15/16 in,3.25 in / 82.6 mm,7.6 in / 193 mm,9.1 in / 231.1 mm,1.88 in / 47.8 mm,54100 lbf / 240000 N,49900 lbf / 222000 N,,Mounted Bearing,22215,2 15/16 in,Imperial,QAPF15A215SB/QAPF15A215SC/QAPF15A215SEB/QAPF15A215SEC/QAPF15A215SEM/QAPF15A215SEN/QAPF15A215SEO/QAPF15A215SET/QAPF15A215SM/QAPF15A215SMSLD/QAPF15A215SN/QAPF15A215SO/QAPF15A215ST,Single Concentric,Four-Bolt Pillow Block,0883450046206/0883450046213/0883450046237/0883450046244/0883450046251/0883450046268/0883450046275/0883450046282/0883450189293/0883450189408/0883450266635/0883450266741/0883450433273,3.25 in/82.6 mm,6.6 in/167.6 mm,4.29 in/109 mm,7.6 in/193 mm,9.1 in/231.1 mm,1.88 in/47.8 mm,10.44 in/265.2 mm,3.13 in/79.5 mm,1.29 in/32.8 mm,0.625 in/16 mm,1.25 in/31.8 mm,3.94 in/100.1 mm,2.37 in/60.2 mm,0.24 in/6.1 mm,3.62 in/91.9 mm,54100 lbf/240000 N,49900 lbf/222000 N,0.22,3.14,4.67,1600 rpm,2900 rpm,1300 rpm,1600 rpm,2400 rpm,1300 rpm,0.083 in/2.108 mm,0.0020 in/0.051 mm,0.0020,0.0031,0.0020 in/0.050 mm,0.0031 in/0.080 mm
QAPR15A215S,22215 ,2 15/16 in,3.13 in / 79.5 mm,8 in / 203.2 mm,9.6 in / 243.8 mm,2.13 in / 54.1 mm,54100 lbf / 240000 N,49900 lbf / 222000 N,,Mounted Bearing,22215,2 15/16 in,Imperial,QAPR15A215SB/QAPR15A215SC/QAPR15A215SEB/QAPR15A215SEC/QAPR15A215SEM/QAPR15A215SEN/QAPR15A215SEO/QAPR15A215SET/QAPR15A215SETNG/QAPR15A215SM/QAPR15A215SN/QAPR15A215SO/QAPR15A215ST/QAPR15A215STNG/QAPR15A215STSLC,Single Concentric,Four-Bolt Pillow Block,0883450048903/0883450048910/0883450048934/0883450048941/0883450048958/0883450048965/0883450048972/0883450048989/0883450189774/0883450189880/0883450267137/0883450267243/0883450434355/0883450500074/0883450955720,3.13 in/79.5 mm,6.47 in/164.3 mm,4.29 in/109 mm,8 in/203.2 mm,9.6 in/243.8 mm,2.13 in/54.1 mm,10.83 in/275.1 mm,3.38 in/85.9 mm,1.16 in/29.5 mm,0.625 in/16 mm,1.25 in/31.8 mm,4.02 in/102.1 mm,2.37 in/60.2 mm,0.24 in/6.1 mm,3.62 in/91.9 mm,54100 lbf/240000 N,49900 lbf/222000 N,0.22,3.14,4.67,1600 rpm,2900 rpm,1300 rpm,1600 rpm,2400 rpm,1300 rpm,0.083 in/2.108 mm,0.0020 in/0.051 mm,0.0020,0.0031,0.0020 in/0.050 mm,0.0031 in/0.080 mm
QAPX15A215S,22215 ,2 15/16 in,3.5 in / 88.9 mm,9.06 in / 230.1 mm,10.44 in / 265.2 mm,2.75 in / 69.9 mm,54100 lbf / 240000 N,49900 lbf / 222000 N,,Mounted Bearing,22215,2 15/16 in,Imperial,QAPX15A215SB/QAPX15A215SC/QAPX15A215SEB/QAPX15A215SEC/QAPX15A215SEM/QAPX15A215SEN/QAPX15A215SEO/QAPX15A215SET/QAPX15A215SM/QAPX15A215SMSLD/QAPX15A215SN/QAPX15A215SO/QAPX15A215ST,Single Concentric,Four-Bolt Pillow Block,,3.5 in/88.9 mm,6.83 in/173.5 mm,4.29 in/109 mm,9.06 in/230.1 mm,10.44 in/265.2 mm,2.75 in/69.9 mm,13 in/330.2 mm,4.25 in/108 mm,1.54 in/39.1 mm,0.75 in/20 mm,1.25 in/31.8 mm,4.5 in/114.3 mm,2.37 in/60.2 mm,0.28 in/7.1 mm,3.62 in/91.9 mm,54100 lbf/240000 N,49900 lbf/222000 N,0.22,3.14,4.67,1600 rpm,2900 rpm,1300 rpm,1600 rpm,2400 rpm,1300 rpm,0.083 in/2.108 mm,0.0020 in/0.051 mm,0.0020,0.0031,0.0020 in/0.050 mm,0.0031 in/0.080 mm
QAPF15A075S,22215 ,75 mm,3.25 in / 82.6 mm,7.6 in / 193 mm,9.1 in / 231.1 mm,1.88 in / 47.8 mm,54100 lbf / 240000 N,49900 lbf / 222000 N,,Mounted Bearing,22215,75 mm,Metric,QAPF15A075SB/QAPF15A075SC/QAPF15A075SEB/QAPF15A075SEC/QAPF15A075SEM/QAPF15A075SEN/QAPF15A075SEO/QAPF15A075SET/QAPF15A075SM/QAPF15A075SN/QAPF15A075SO/QAPF15A075ST,Single Concentric,Four-Bolt Pillow Block,0883450046107/0883450046114/0883450046138/0883450046145/0883450046152/0883450046169/0883450046176/0883450046183/0883450189316/0883450189422/0883450266659/0883450266765,3.25 in/82.6 mm,6.6 in/167.6 mm,4.29 in/109 mm,7.6 in/193 mm,9.1 in/231.1 mm,1.88 in/47.8 mm,10.44 in/265.2 mm,3.13 in/79.5 mm,1.29 in/32.8 mm,0.625 in/16 mm,1.25 in/31.8 mm,3.94 in/100.1 mm,2.37 in/60.2 mm,0.24 in/6.1 mm,3.62 in/91.9 mm,54100 lbf/240000 N,49900 lbf/222000 N,0.22,3.14,4.67,1600 rpm,2900 rpm,1300 rpm,1600 rpm,2400 rpm,1300 rpm,0.083 in/2.108 mm,0.0020 in/0.051 mm,0.0020,0.0031,0.0020 in/0.050 mm,0.0031 in/0.080 mm
QAPR18A307S,22218 ,3 7/16 in,3.75 in / 95.3 mm,9.25 in / 235 mm,11.25 in / 285.8 mm,2.38 in / 60.5 mm,87200 lbf / 388000 N,79700 lbf / 355000 N,,Mounted Bearing,22218,3 7/16 in,Imperial,QAPR18A307SB/QAPR18A307SC/QAPR18A307SEB/QAPR18A307SEC/QAPR18A307SEM/QAPR18A307SEN/QAPR18A307SEO/QAPR18A307SET/QAPR18A307SETNG/QAPR18A307SM/QAPR18A307SN/QAPR18A307SO/QAPR18A307ST/QAPR18A307STNG,Single Concentric,Four-Bolt Pillow Block,0883450049207/0883450049214/0883450049238/0883450049245/0883450049252/0883450049269/0883450049276/0883450049283/0883450189804/0883450189910/0883450267168/0883450267274/0883450496261/0883450500326,3.75 in/95.3 mm,7.69 in/195.3 mm,5.13 in/130.3 mm,9.25 in/235 mm,11.25 in/285.8 mm,2.38 in/60.5 mm,13.63 in/346.2 mm,3.75 in/95.3 mm,1.56 in/39.6 mm,0.75 in/20 mm,1.44 in/36.6 mm,4.47 in/113.5 mm,2.59 in/65.8 mm,0.31 in/7.9 mm,4.03 in/102.4 mm,87200 lbf/388000 N,79700 lbf/355000 N,0.23,2.90,4.31,1400 rpm,2400 rpm,1000 rpm,1400 rpm,2000 rpm,1000 rpm,0.083 in/2.108 mm,0.0030 in/0.076 mm,0.0024,0.0039,0.0024 in/0.060 mm,0.0039 in/0.100 mm
QAPX18A307S,22218 ,3 7/16 in,4 in / 101.6 mm,10.81 in / 274.6 mm,12.19 in / 309.6 mm,3 in / 76.2 mm,87200 lbf / 388000 N,79700 lbf / 355000 N,,Mounted Bearing,22218,3 7/16 in,Imperial,QAPX18A307SB/QAPX18A307SC/QAPX18A307SEB/QAPX18A307SEC/QAPX18A307SEM/QAPX18A307SEN/QAPX18A307SEO/QAPX18A307SET/QAPX18A307SM/QAPX18A307SMFG/QAPX18A307SN/QAPX18A307SO/QAPX18A307ST,Single Concentric,Four-Bolt Pillow Block,,4 in/101.6 mm,7.92 in/201.2 mm,5.13 in/130.3 mm,10.81 in/274.6 mm,12.19 in/309.6 mm,3 in/76.2 mm,15 in/381 mm,4.75 in/120.7 mm,1.5 in/38.1 mm,0.75 in/20 mm,1.44 in/36.6 mm,4.97 in/126.2 mm,2.59 in/65.8 mm,0.31 in/7.9 mm,4.03 in/102.4 mm,87200 lbf/388000 N,79700 lbf/355000 N,0.23,2.90,4.31,1400 rpm,2400 rpm,1000 rpm,1400 rpm,2000 rpm,1000 rpm,0.083 in/2.108 mm,0.0030 in/0.076 mm,0.0024,0.0039,0.0024 in/0.060 mm,0.0039 in/0.100 mm
QAPF18A308S,22218 ,3 1/2 in,3.75 in / 95.3 mm,8.88 in / 225.6 mm,10.88 in / 276.4 mm,2 in / 50.8 mm,87200 lbf / 388000 N,79700 lbf / 355000 N,,Mounted Bearing,22218,3 1/2 in,Imperial,QAPF18A308SB/QAPF18A308SC/QAPF18A308SEB/QAPF18A308SEC/QAPF18A308SEM/QAPF18A308SEN/QAPF18A308SEO/QAPF18A308SET/QAPF18A308SM/QAPF18A308SN/QAPF18A308SO/QAPF18A308ST/QAPF18A308STNG,Single Concentric,Four-Bolt Pillow Block,0883450046602/0883450046619/0883450046633/0883450046640/0883450046657/0883450046664/0883450046671/0883450046688/0883450189330/0883450189446/0883450266673/0883450266789/0883450500173,3.75 in/95.3 mm,7.69 in/195.3 mm,5.13 in/130.3 mm,8.88 in/225.6 mm,10.88 in/276.4 mm,2 in/50.8 mm,12.3 in/312.4 mm,3.75 in/95.3 mm,1.56 in/39.6 mm,0.75 in/20 mm,1.44 in/36.6 mm,4.47 in/113.5 mm,2.59 in/65.8 mm,0.31 in/7.9 mm,4.03 in/102.4 mm,87200 lbf/388000 N,79700 lbf/355000 N,0.23,2.90,4.31,1400 rpm,2400 rpm,1000 rpm,1400 rpm,2000 rpm,1000 rpm,0.083 in/2.108 mm,0.0030 in/0.076 mm,0.0024,0.0039,0.0024 in/0.060 mm,0.0039 in/0.100 mm
QAPR18A308S,22218 ,3 1/2 in,3.75 in / 95.3 mm,9.25 in / 235 mm,11.25 in / 285.8 mm,2.38 in / 60.5 mm,87200 lbf / 388000 N,79700 lbf / 355000 N,,Mounted Bearing,22218,3 1/2 in,Imperial,QAPR18A308SB/QAPR18A308SC/QAPR18A308SEB/QAPR18A308SEC/QAPR18A308SEM/QAPR18A308SEN/QAPR18A308SEO/QAPR18A308SET/QAPR18A308SETNG/QAPR18A308SM/QAPR18A308SN/QAPR18A308SO/QAPR18A308ST,Single Concentric,Four-Bolt Pillow Block,0883450049306/0883450049313/0883450049337/0883450049344/0883450049351/0883450049368/0883450049375/0883450049382/0883450189811/0883450189927/0883450267175/0883450267281/0883450500128,3.75 in/95.3 mm,7.69 in/195.3 mm,5.13 in/130.3 mm,9.25 in/235 mm,11.25 in/285.8 mm,2.38 in/60.5 mm,13.63 in/346.2 mm,3.75 in/95.3 mm,1.56 in/39.6 mm,0.75 in/20 mm,1.44 in/36.6 mm,4.47 in/113.5 mm,2.59 in/65.8 mm,0.31 in/7.9 mm,4.03 in/102.4 mm,87200 lbf/388000 N,79700 lbf/355000 N,0.23,2.90,4.31,1400 rpm,2400 rpm,1000 rpm,1400 rpm,2000 rpm,1000 rpm,0.083 in/2.108 mm,0.0030 in/0.076 mm,0.0024,0.0039,0.0024 in/0.060 mm,0.0039 in/0.100 mm
QAPX18A308S,22218 ,3 1/2 in,4 in / 101.6 mm,10.81 in / 274.6 mm,12.19 in / 309.6 mm,3 in / 76.2 mm,87200 lbf / 388000 N,79700 lbf / 355000 N,,Mounted Bearing,22218,3 1/2 in,Imperial,QAPX18A308SB/QAPX18A308SC/QAPX18A308SEB/QAPX18A308SEC/QAPX18A308SEM/QAPX18A308SEN/QAPX18A308SEO/QAPX18A308SET/QAPX18A308SM/QAPX18A308SN/QAPX18A308SO/QAPX18A308ST/QAPX18A308STNG,Single Concentric,Four-Bolt Pillow Block,,4 in/101.6 mm,7.92 in/201.2 mm,5.13 in/130.3 mm,10.81 in/274.6 mm,12.19 in/309.6 mm,3 in/76.2 mm,15 in/381 mm,4.75 in/120.7 mm,1.5 in/38.1 mm,0.75 in/20 mm,1.44 in/36.6 mm,4.97 in/126.2 mm,2.59 in/65.8 mm,0.31 in/7.9 mm,4.03 in/102.4 mm,87200 lbf/388000 N,79700 lbf/355000 N,0.23,2.90,4.31,1400 rpm,2400 rpm,1000 rpm,1400 rpm,2000 rpm,1000 rpm,0.083 in/2.108 mm,0.0030 in/0.076 mm,0.0024,0.0039,0.0024 in/0.060 mm,0.0039 in/0.100 mm
QAPR20A311S,22220 ,3 11/16 in,4.25 in / 108 mm,10.88 in / 276.4 mm,13.38 in / 339.9 mm,2-1/4 in / 57.2 mm,113000 lbf / 502000 N,97700 lbf / 435000 N,,Mounted Bearing,22220,3 11/16 in,Imperial,,Single Concentric,Four-Bolt Pillow Block,,4.25 in/108 mm,8.78 in/223 mm,6 in/152.4 mm,10.88 in/276.4 mm,13.38 in/339.9 mm,2-1/4 in/57.2 mm,14.88 in/378 mm,4.31 in/109.5 mm,1.4 in/35.6 mm,0.75 in/20 mm,1.63 in/41.4 mm,5.13 in/130.3 mm,2.97 in/75.4 mm,0.36 in/9.1 mm,4.59 in/116.7 mm,113000 lbf/502000 N,97700 lbf/435000 N,0.24,2.85,4.24,1200 rpm,2000 rpm,900 rpm,1200 rpm,1600 rpm,900 rpm,0.083 in/2.108 mm,0.0030 in/0.076 mm,0.0030,0.0047,0.0030 in/0.075 mm,0.0047 in/0.120 mm
QAPR20A312S,22220 ,3 3/4 in,4.25 in / 108 mm,10.88 in / 276.4 mm,13.38 in / 339.9 mm,2-1/4 in / 57.2 mm,113000 lbf / 502000 N,97700 lbf / 435000 N,,Mounted Bearing,22220,3 3/4 in,Imperial,,Single Concentric,Four-Bolt Pillow Block,,4.25 in/108 mm,8.78 in/223 mm,6 in/152.4 mm,10.88 in/276.4 mm,13.38 in/339.9 mm,2-1/4 in/57.2 mm,14.88 in/378 mm,4.31 in/109.5 mm,1.4 in/35.6 mm,0.75 in/20 mm,1.63 in/41.4 mm,5.13 in/130.3 mm,2.97 in/75.4 mm,0.36 in/9.1 mm,4.59 in/116.7 mm,113000 lbf/502000 N,97700 lbf/435000 N,0.24,2.85,4.24,1200 rpm,2000 rpm,900 rpm,1200 rpm,1600 rpm,900 rpm,0.083 in/2.108 mm,0.0030 in/0.076 mm,0.0030,0.0047,0.0030 in/0.075 mm,0.0047 in/0.120 mm
QAPF20A315S,22220 ,3 15/16 in,4.25 in / 108 mm,10.88 in / 276.4 mm,13.38 in / 339.9 mm,2-1/4 in / 57.2 mm,113000 lbf / 502000 N,97700 lbf / 435000 N,,Mounted Bearing,22220,3 15/16 in,Imperial,QAPF20A315SB/QAPF20A315SC/QAPF20A315SEB/QAPF20A315SEC/QAPF20A315SEM/QAPF20A315SEN/QAPF20A315SEO/QAPF20A315SET/QAPF20A315SM/QAPF20A315SN/QAPF20A315SO/QAPF20A315ST,Single Concentric,Four-Bolt Pillow Block,0883450046701/0883450046718/0883450046732/0883450046749/0883450046756/0883450046763/0883450046770/0883450046787/0883450189354/0883450189460/0883450266697/0883450266802,4.25 in/108 mm,8.78 in/223 mm,6 in/152.4 mm,10.88 in/276.4 mm,13.38 in/339.9 mm,2-1/4 in/57.2 mm,14.88 in/378 mm,4.31 in/109.5 mm,1.4 in/35.6 mm,0.75 in/20 mm,1.63 in/41.4 mm,5.13 in/130.3 mm,2.97 in/75.4 mm,0.35 in/8.9 mm,4.59 in/116.6 mm,113000 lbf/502000 N,97700 lbf/435000 N,0.24,2.85,4.24,1200 rpm,2000 rpm,900 rpm,1200 rpm,1600 rpm,900 rpm,0.083 in/2.108 mm,0.0030 in/0.076 mm,0.0030,0.0047,0.0030 in/0.075 mm,0.0047 in/0.120 mm
QAPX20A315S,22220 ,3 15/16 in,5 in / 127 mm,12.5 in / 317.5 mm,14 in / 355.6 mm,3.5 in / 88.9 mm,113000 lbf / 502000 N,97700 lbf / 435000 N,,Mounted Bearing,22220,3 15/16 in,Imperial,QAPX20A315SB/QAPX20A315SC/QAPX20A315SEB/QAPX20A315SEC/QAPX20A315SEM/QAPX20A315SEN/QAPX20A315SEO/QAPX20A315SET/QAPX20A315SM/QAPX20A315SN/QAPX20A315SO/QAPX20A315ST,Single Concentric,Four-Bolt Pillow Block,,5 in/127 mm,9.44 in/239.8 mm,6 in/152.4 mm,12.5 in/317.5 mm,14 in/355.6 mm,3.5 in/88.9 mm,16.75 in/425.5 mm,5.5 in/139.7 mm,1.63 in/41.4 mm,0.875 in/24 mm,1.63 in/41.4 mm,5.71 in/145 mm,2.96 in/75.2 mm,0.34 in/8.6 mm,4.59 in/116.6 mm,113000 lbf/502000 N,97700 lbf/435000 N,0.24,2.85,4.24,1200 rpm,2000 rpm,900 rpm,1200 rpm,1600 rpm,900 rpm,0.083 in/2.108 mm,0.0030 in/0.076 mm,0.0030,0.0047,0.0030 in/0.075 mm,0.0047 in/0.120 mm
QAPR20A315S,22220 ,3 15/16 in,4.25 in / 108 mm,10.88 in / 276.4 mm,13.38 in / 339.9 mm,2-1/4 in / 57.2 mm,113000 lbf / 502000 N,97700 lbf / 435000 N,,Mounted Bearing,22220,3 15/16 in,Imperial,,Single Concentric,Four-Bolt Pillow Block,,4.25 in/108 mm,8.78 in/223 mm,6 in/152.4 mm,10.88 in/276.4 mm,13.38 in/339.9 mm,2-1/4 in/57.2 mm,14.88 in/378 mm,4.31 in/109.5 mm,1.4 in/35.6 mm,0.75 in/20 mm,1.63 in/41.4 mm,5.13 in/130.3 mm,2.97 in/75.4 mm,0.36 in/9.1 mm,4.59 in/116.7 mm,113000 lbf/502000 N,97700 lbf/435000 N,0.24,2.85,4.24,1200 rpm,2000 rpm,900 rpm,1200 rpm,1600 rpm,900 rpm,0.083 in/2.108 mm,0.0030 in/0.076 mm,0.0030,0.0047,0.0030 in/0.075 mm,0.0047 in/0.120 mm
QAPF20A400S,22220 ,4 in,4.25 in / 108 mm,10.88 in / 276.4 mm,13.38 in / 339.9 mm,2-1/4 in / 57.2 mm,113000 lbf / 502000 N,97700 lbf / 435000 N,,Mounted Bearing,22220,4 in,Imperial,QAPF20A400SB/QAPF20A400SC/QAPF20A400SEB/QAPF20A400SEC/QAPF20A400SEM/QAPF20A400SEN/QAPF20A400SEO/QAPF20A400SET/QAPF20A400SM/QAPF20A400SN/QAPF20A400SO/QAPF20A400ST/QAPF20A400STHT,Single Concentric,Four-Bolt Pillow Block,0883450046800/0883450046817/0883450046831/0883450046848/0883450046855/0883450046862/0883450046879/0883450046886/0883450189361/0883450189477/0883450266703/0883450266819/0883450959544,4.25 in/108 mm,8.78 in/223 mm,6 in/152.4 mm,10.88 in/276.4 mm,13.38 in/339.9 mm,2-1/4 in/57.2 mm,14.88 in/378 mm,4.31 in/109.5 mm,1.4 in/35.6 mm,0.75 in/20 mm,1.63 in/41.4 mm,5.13 in/130.3 mm,2.97 in/75.4 mm,0.35 in/8.9 mm,4.59 in/116.6 mm,113000 lbf/502000 N,97700 lbf/435000 N,0.24,2.85,4.24,1200 rpm,2000 rpm,900 rpm,1200 rpm,1600 rpm,900 rpm,0.083 in/2.108 mm,0.0030 in/0.076 mm,0.0030,0.0047,0.0030 in/0.075 mm,0.0047 in/0.120 mm
QAPX20A400S,22220 ,4 in,5 in / 127 mm,12.5 in / 317.5 mm,14 in / 355.6 mm,3.5 in / 88.9 mm,113000 lbf / 502000 N,97700 lbf / 435000 N,,Mounted Bearing,22220,4 in,Imperial,QAPX20A400SB/QAPX20A400SC/QAPX20A400SEB/QAPX20A400SEC/QAPX20A400SEM/QAPX20A400SEN/QAPX20A400SEO/QAPX20A400SET/QAPX20A400SM/QAPX20A400SN/QAPX20A400SO/QAPX20A400ST/QAPX20A400STHT,Single Concentric,Four-Bolt Pillow Block,,5 in/127 mm,9.44 in/239.8 mm,6 in/152.4 mm,12.5 in/317.5 mm,14 in/355.6 mm,3.5 in/88.9 mm,16.75 in/425.5 mm,5.5 in/139.7 mm,1.63 in/41.4 mm,0.875 in/24 mm,1.63 in/41.4 mm,5.71 in/145 mm,2.96 in/75.2 mm,0.34 in/8.6 mm,4.59 in/116.6 mm,113000 lbf/502000 N,97700 lbf/435000 N,0.24,2.85,4.24,1200 rpm,2000 rpm,900 rpm,1200 rpm,1600 rpm,900 rpm,0.083 in/2.108 mm,0.0030 in/0.076 mm,0.0030,0.0047,0.0030 in/0.075 mm,0.0047 in/0.120 mm
QAPR20A400S,22220 ,4 in,4.25 in / 108 mm,10.88 in / 276.4 mm,13.38 in / 339.9 mm,2-1/4 in / 57.2 mm,113000 lbf / 502000 N,97700 lbf / 435000 N,,Mounted Bearing,22220,4 in,Imperial,,Single Concentric,Four-Bolt Pillow Block,,4.25 in/108 mm,8.78 in/223 mm,6 in/152.4 mm,10.88 in/276.4 mm,13.38 in/339.9 mm,2-1/4 in/57.2 mm,14.88 in/378 mm,4.31 in/109.5 mm,1.4 in/35.6 mm,0.75 in/20 mm,1.63 in/41.4 mm,5.13 in/130.3 mm,2.97 in/75.4 mm,0.36 in/9.1 mm,4.59 in/116.7 mm,113000 lbf/502000 N,97700 lbf/435000 N,0.24,2.85,4.24,1200 rpm,2000 rpm,900 rpm,1200 rpm,1600 rpm,900 rpm,0.083 in/2.108 mm,0.0030 in/0.076 mm,0.0030,0.0047,0.0030 in/0.075 mm,0.0047 in/0.120 mm
QAPF13A060S,22213 ,60 mm,2.75 in / 69.9 mm,6.88 in / 174.8 mm,7.63 in / 193.8 mm,1.75 in / 44.5 mm,48600 lbf / 216000 N,46400 lbf / 206000 N,,Mounted Bearing,22213,60 mm,Metric,QAPF13A060SB/QAPF13A060SC/QAPF13A060SEB/QAPF13A060SEC/QAPF13A060SEM/QAPF13A060SEN/QAPF13A060SEO/QAPF13A060SET/QAPF13A060SM/QAPF13A060SN/QAPF13A060SO/QAPF13A060ST,Single Concentric,Four-Bolt Pillow Block,0883450331562/0883450331579/0883450331586/0883450331593/0883450331609/0883450331616/0883450331623/0883450331630/0883450331647/0883450331654/0883450331661/0883450331678,2.75 in/69.9 mm,5.8 in/147.3 mm,3.81 in/96.8 mm,6.88 in/174.8 mm,7.63 in/193.8 mm,1.75 in/44.5 mm,9.25 in/235 mm,3 in/76.2 mm,0.98 in/24.9 mm,0.625 in/16 mm,1.24 in/31.5 mm,3.65 in/92.7 mm,2.15 in/54.6 mm,0.21 in/5.3 mm,3.39 in/86.1 mm,48600 lbf/216000 N,46400 lbf/206000 N,0.24,2.79,4.15,1800 rpm,3200 rpm,1500 rpm,1800 rpm,2800 rpm,1500 rpm,0.083 in/2.108 mm,0.0015 in/0.038 mm,0.0016,0.0026,0.0016 in/0.040 mm,0.0026 in/0.065 mm
QAPR13A060S,22213 ,60 mm,2.75 in / 69.9 mm,7.13 in / 181.1 mm,8.75 in / 222.3 mm,1.88 in / 47.8 mm,48600 lbf / 216000 N,46400 lbf / 206000 N,,Mounted Bearing,22213,60 mm,Metric,QAPR13A060SB/QAPR13A060SC/QAPR13A060SEB/QAPR13A060SEC/QAPR13A060SEM/QAPR13A060SEN/QAPR13A060SEO/QAPR13A060SET/QAPR13A060SM/QAPR13A060SN/QAPR13A060SO/QAPR13A060ST,Single Concentric,Four-Bolt Pillow Block,0883450333122/0883450333139/0883450333146/0883450333153/0883450333160/0883450333177/0883450333184/0883450333191/0883450333207/0883450333214/0883450333221/0883450333238,2.75 in/69.9 mm,5.8 in/147.3 mm,3.81 in/96.8 mm,7.13 in/181.1 mm,8.75 in/222.3 mm,1.88 in/47.8 mm,10.25 in/260.4 mm,3.25 in/82.6 mm,0.98 in/24.9 mm,0.625 in/16 mm,1.24 in/31.5 mm,3.77 in/95.8 mm,2.15 in/54.6 mm,0.21 in/5.3 mm,3.39 in/86.1 mm,48600 lbf/216000 N,46400 lbf/206000 N,0.24,2.79,4.15,1800 rpm,3200 rpm,1500 rpm,1800 rpm,2800 rpm,1500 rpm,0.083 in/2.108 mm,0.0015 in/0.038 mm,0.0016,0.0026,0.0016 in/0.040 mm,0.0026 in/0.065 mm
QAPX13A060S,22213 ,60 mm,3 in / 76.2 mm,6.94 in / 176.3 mm,9.56 in / 242.8 mm,2.63 in / 66.8 mm,48600 lbf / 216000 N,46400 lbf / 206000 N,,Mounted Bearing,22213,60 mm,Metric,QAPX13A060SB/QAPX13A060SC/QAPX13A060SEB/QAPX13A060SEC/QAPX13A060SEM/QAPX13A060SEN/QAPX13A060SEO/QAPX13A060SET/QAPX13A060SM/QAPX13A060SN/QAPX13A060SO/QAPX13A060ST,Single Concentric,Four-Bolt Pillow Block,,3 in/76.2 mm,6.05 in/153.7 mm,3.81 in/96.8 mm,6.94 in/176.3 mm,9.56 in/242.8 mm,2.63 in/66.8 mm,11.25 in/285.8 mm,3.88 in/98.6 mm,1.22 in/31 mm,0.625 in/16 mm,1.24 in/31.5 mm,4.09 in/103.9 mm,2.15 in/54.6 mm,0.21 in/5.3 mm,3.39 in/86.1 mm,48600 lbf/216000 N,46400 lbf/206000 N,0.24,2.79,4.15,1800 rpm,3200 rpm,1500 rpm,1800 rpm,2800 rpm,1500 rpm,0.083 in/2.108 mm,0.0015 in/0.038 mm,0.0016,0.0026,0.0016 in/0.040 mm,0.0026 in/0.065 mm
QAPF13A065S,22213 ,65 mm,2.75 in / 69.9 mm,6.88 in / 174.8 mm,7.63 in / 193.8 mm,1.75 in / 44.5 mm,48600 lbf / 216000 N,46400 lbf / 206000 N,,Mounted Bearing,22213,65 mm,Metric,QAPF13A065SB/QAPF13A065SC/QAPF13A065SEB/QAPF13A065SEC/QAPF13A065SEM/QAPF13A065SEN/QAPF13A065SEO/QAPF13A065SET/QAPF13A065SM/QAPF13A065SN/QAPF13A065SO/QAPF13A065ST,Single Concentric,Four-Bolt Pillow Block,0883450045803/0883450045810/0883450045834/0883450045841/0883450045858/0883450045865/0883450045872/0883450045889/0883450189286/0883450189392/0883450266628/0883450266734,2.75 in/69.9 mm,5.8 in/147.3 mm,3.81 in/96.8 mm,6.88 in/174.8 mm,7.63 in/193.8 mm,1.75 in/44.5 mm,9.25 in/235 mm,3 in/76.2 mm,0.98 in/24.9 mm,0.625 in/16 mm,1.24 in/31.5 mm,3.65 in/92.7 mm,2.15 in/54.6 mm,0.21 in/5.3 mm,3.39 in/86.1 mm,48600 lbf/216000 N,46400 lbf/206000 N,0.24,2.79,4.15,1800 rpm,3200 rpm,1500 rpm,1800 rpm,2800 rpm,1500 rpm,0.083 in/2.108 mm,0.0015 in/0.038 mm,0.0016,0.0026,0.0016 in/0.040 mm,0.0026 in/0.065 mm
QAPR13A065S,22213 ,65 mm,2.75 in / 69.9 mm,7.13 in / 181.1 mm,8.75 in / 222.3 mm,1.88 in / 47.8 mm,48600 lbf / 216000 N,46400 lbf / 206000 N,,Mounted Bearing,22213,65 mm,Metric,QAPR13A065SB/QAPR13A065SC/QAPR13A065SEB/QAPR13A065SEC/QAPR13A065SEM/QAPR13A065SEN/QAPR13A065SEO/QAPR13A065SET/QAPR13A065SM/QAPR13A065SN/QAPR13A065SO/QAPR13A065ST,Single Concentric,Four-Bolt Pillow Block,0883450048507/0883450048514/0883450048538/0883450048545/0883450048552/0883450048569/0883450048576/0883450048583/0883450189767/0883450189873/0883450267120/0883450267236,2.75 in/69.9 mm,5.8 in/147.3 mm,3.81 in/96.8 mm,7.13 in/181.1 mm,8.75 in/222.3 mm,1.88 in/47.8 mm,10.25 in/260.4 mm,3.25 in/82.6 mm,0.98 in/24.9 mm,0.625 in/16 mm,1.24 in/31.5 mm,3.77 in/95.8 mm,2.15 in/54.6 mm,0.21 in/5.3 mm,3.39 in/86.1 mm,48600 lbf/216000 N,46400 lbf/206000 N,0.24,2.79,4.15,1800 rpm,3200 rpm,1500 rpm,1800 rpm,2800 rpm,1500 rpm,0.083 in/2.108 mm,0.0015 in/0.038 mm,0.0016,0.0026,0.0016 in/0.040 mm,0.0026 in/0.065 mm
QAPX13A065S,22213 ,65 mm,3 in / 76.2 mm,6.94 in / 176.3 mm,9.56 in / 242.8 mm,2.63 in / 66.8 mm,48600 lbf / 216000 N,46400 lbf / 206000 N,,Mounted Bearing,22213,65 mm,Metric,QAPX13A065SB/QAPX13A065SC/QAPX13A065SEB/QAPX13A065SEC/QAPX13A065SEM/QAPX13A065SEN/QAPX13A065SEO/QAPX13A065SET/QAPX13A065SM/QAPX13A065SN/QAPX13A065SO/QAPX13A065ST,Single Concentric,Four-Bolt Pillow Block,,3 in/76.2 mm,6.05 in/153.7 mm,3.81 in/96.8 mm,6.94 in/176.3 mm,9.56 in/242.8 mm,2.63 in/66.8 mm,11.25 in/285.8 mm,3.88 in/98.6 mm,1.22 in/31 mm,0.625 in/16 mm,1.24 in/31.5 mm,4.09 in/103.9 mm,2.15 in/54.6 mm,0.21 in/5.3 mm,3.39 in/86.1 mm,48600 lbf/216000 N,46400 lbf/206000 N,0.24,2.79,4.15,1800 rpm,3200 rpm,1500 rpm,1800 rpm,2800 rpm,1500 rpm,0.083 in/2.108 mm,0.0015 in/0.038 mm,0.0016,0.0026,0.0016 in/0.040 mm,0.0026 in/0.065 mm
QAPF15A070S,22215 ,70 mm,3.25 in / 82.6 mm,7.6 in / 193 mm,9.1 in / 231.1 mm,1.88 in / 47.8 mm,54100 lbf / 240000 N,49900 lbf / 222000 N,,Mounted Bearing,22215,70 mm,Metric,QAPF15A070SB/QAPF15A070SC/QAPF15A070SEB/QAPF15A070SEC/QAPF15A070SEM/QAPF15A070SEN/QAPF15A070SEO/QAPF15A070SET/QAPF15A070SM/QAPF15A070SN/QAPF15A070SO/QAPF15A070ST,Single Concentric,Four-Bolt Pillow Block,0883450299169/0883450299176/0883450299183/0883450299190/0883450299206/0883450299213/0883450299220/0883450299237/0883450299244/0883450299251/0883450299268/0883450299275,3.25 in/82.6 mm,6.6 in/167.6 mm,4.29 in/109 mm,7.6 in/193 mm,9.1 in/231.1 mm,1.88 in/47.8 mm,10.44 in/265.2 mm,3.13 in/79.5 mm,1.29 in/32.8 mm,0.625 in/16 mm,1.25 in/31.8 mm,3.94 in/100.1 mm,2.37 in/60.2 mm,0.24 in/6.1 mm,3.62 in/91.9 mm,54100 lbf/240000 N,49900 lbf/222000 N,0.22,3.14,4.67,1600 rpm,2900 rpm,1300 rpm,1600 rpm,2400 rpm,1300 rpm,0.083 in/2.108 mm,0.0020 in/0.051 mm,0.0020,0.0031,0.0020 in/0.050 mm,0.0031 in/0.080 mm
QAPR15A070S,22215 ,70 mm,3.13 in / 79.5 mm,8 in / 203.2 mm,9.6 in / 243.8 mm,2.13 in / 54.1 mm,54100 lbf / 240000 N,49900 lbf / 222000 N,,Mounted Bearing,22215,70 mm,Metric,QAPR15A070SB/QAPR15A070SC/QAPR15A070SEB/QAPR15A070SEC/QAPR15A070SEM/QAPR15A070SEN/QAPR15A070SEO/QAPR15A070SET/QAPR15A070SM/QAPR15A070SN/QAPR15A070SO/QAPR15A070ST,Single Concentric,Four-Bolt Pillow Block,0883450300117/0883450300124/0883450300131/0883450300148/0883450300155/0883450300162/0883450300179/0883450300186/0883450300193/0883450300209/0883450300216/0883450300223,3.13 in/79.5 mm,6.47 in/164.3 mm,4.29 in/109 mm,8 in/203.2 mm,9.6 in/243.8 mm,2.13 in/54.1 mm,10.83 in/275.1 mm,3.38 in/85.9 mm,1.16 in/29.5 mm,0.625 in/16 mm,1.25 in/31.8 mm,4.02 in/102.1 mm,2.37 in/60.2 mm,0.24 in/6.1 mm,3.62 in/91.9 mm,54100 lbf/240000 N,49900 lbf/222000 N,0.22,3.14,4.67,1600 rpm,2900 rpm,1300 rpm,1600 rpm,2400 rpm,1300 rpm,0.083 in/2.108 mm,0.0020 in/0.051 mm,0.0020,0.0031,0.0020 in/0.050 mm,0.0031 in/0.080 mm
QAPX15A070S,22215 ,70 mm,3.5 in / 88.9 mm,9.06 in / 230.1 mm,10.44 in / 265.2 mm,2.75 in / 69.9 mm,54100 lbf / 240000 N,49900 lbf / 222000 N,,Mounted Bearing,22215,70 mm,Metric,QAPX15A070SB/QAPX15A070SC/QAPX15A070SEB/QAPX15A070SEC/QAPX15A070SEM/QAPX15A070SEN/QAPX15A070SEO/QAPX15A070SET/QAPX15A070SM/QAPX15A070SN/QAPX15A070SO/QAPX15A070ST,Single Concentric,Four-Bolt Pillow Block,,3.5 in/88.9 mm,6.83 in/173.5 mm,4.29 in/109 mm,9.06 in/230.1 mm,10.44 in/265.2 mm,2.75 in/69.9 mm,13 in/330.2 mm,4.25 in/108 mm,1.54 in/39.1 mm,0.75 in/20 mm,1.25 in/31.8 mm,4.5 in/114.3 mm,2.37 in/60.2 mm,0.28 in/7.1 mm,3.62 in/91.9 mm,54100 lbf/240000 N,49900 lbf/222000 N,0.22,3.14,4.67,1600 rpm,2900 rpm,1300 rpm,1600 rpm,2400 rpm,1300 rpm,0.083 in/2.108 mm,0.0020 in/0.051 mm,0.0020,0.0031,0.0020 in/0.050 mm,0.0031 in/0.080 mm
QAPF15A075S,22215 ,75 mm,3.25 in / 82.6 mm,7.6 in / 193 mm,9.1 in / 231.1 mm,1.88 in / 47.8 mm,54100 lbf / 240000 N,49900 lbf / 222000 N,,Mounted Bearing,22215,75 mm,Metric,QAPF15A075SB/QAPF15A075SC/QAPF15A075SEB/QAPF15A075SEC/QAPF15A075SEM/QAPF15A075SEN/QAPF15A075SEO/QAPF15A075SET/QAPF15A075SM/QAPF15A075SN/QAPF15A075SO/QAPF15A075ST,Single Concentric,Four-Bolt Pillow Block,0883450046107/0883450046114/0883450046138/0883450046145/0883450046152/0883450046169/0883450046176/0883450046183/0883450189316/0883450189422/0883450266659/0883450266765,3.25 in/82.6 mm,6.6 in/167.6 mm,4.29 in/109 mm,7.6 in/193 mm,9.1 in/231.1 mm,1.88 in/47.8 mm,10.44 in/265.2 mm,3.13 in/79.5 mm,1.29 in/32.8 mm,0.625 in/16 mm,1.25 in/31.8 mm,3.94 in/100.1 mm,2.37 in/60.2 mm,0.24 in/6.1 mm,3.62 in/91.9 mm,54100 lbf/240000 N,49900 lbf/222000 N,0.22,3.14,4.67,1600 rpm,2900 rpm,1300 rpm,1600 rpm,2400 rpm,1300 rpm,0.083 in/2.108 mm,0.0020 in/0.051 mm,0.0020,0.0031,0.0020 in/0.050 mm,0.0031 in/0.080 mm
QAPR15A075S,22215 ,75 mm,3.13 in / 79.5 mm,8 in / 203.2 mm,9.6 in / 243.8 mm,2.13 in / 54.1 mm,54100 lbf / 240000 N,49900 lbf / 222000 N,,Mounted Bearing,22215,75 mm,Metric,QAPR15A075SB/QAPR15A075SC/QAPR15A075SEB/QAPR15A075SEC/QAPR15A075SEM/QAPR15A075SEN/QAPR15A075SEO/QAPR15A075SET/QAPR15A075SM/QAPR15A075SN/QAPR15A075SO/QAPR15A075ST,Single Concentric,Four-Bolt Pillow Block,0883450048804/0883450048811/0883450048835/0883450048842/0883450048859/0883450048866/0883450048873/0883450048880/0883450189798/0883450189903/0883450267151/0883450267267,3.13 in/79.5 mm,6.47 in/164.3 mm,4.29 in/109 mm,8 in/203.2 mm,9.6 in/243.8 mm,2.13 in/54.1 mm,10.83 in/275.1 mm,3.38 in/85.9 mm,1.16 in/29.5 mm,0.625 in/16 mm,1.25 in/31.8 mm,4.02 in/102.1 mm,2.37 in/60.2 mm,0.24 in/6.1 mm,3.62 in/91.9 mm,54100 lbf/240000 N,49900 lbf/222000 N,0.22,3.14,4.67,1600 rpm,2900 rpm,1300 rpm,1600 rpm,2400 rpm,1300 rpm,0.083 in/2.108 mm,0.0020 in/0.051 mm,0.0020,0.0031,0.0020 in/0.050 mm,0.0031 in/0.080 mm
QAPX15A075S,22215 ,75 mm,3.5 in / 88.9 mm,9.06 in / 230.1 mm,10.44 in / 265.2 mm,2.75 in / 69.9 mm,54100 lbf / 240000 N,49900 lbf / 222000 N,,Mounted Bearing,22215,75 mm,Metric,QAPX15A075SB/QAPX15A075SC/QAPX15A075SEB/QAPX15A075SEC/QAPX15A075SEM/QAPX15A075SEN/QAPX15A075SEO/QAPX15A075SET/QAPX15A075SM/QAPX15A075SN/QAPX15A075SO/QAPX15A075ST,Single Concentric,Four-Bolt Pillow Block,,3.5 in/88.9 mm,6.83 in/173.5 mm,4.29 in/109 mm,9.06 in/230.1 mm,10.44 in/265.2 mm,2.75 in/69.9 mm,13 in/330.2 mm,4.25 in/108 mm,1.54 in/39.1 mm,0.75 in/20 mm,1.25 in/31.8 mm,4.5 in/114.3 mm,2.37 in/60.2 mm,0.28 in/7.1 mm,3.62 in/91.9 mm,54100 lbf/240000 N,49900 lbf/222000 N,0.22,3.14,4.67,1600 rpm,2900 rpm,1300 rpm,1600 rpm,2400 rpm,1300 rpm,0.083 in/2.108 mm,0.0020 in/0.051 mm,0.0020,0.0031,0.0020 in/0.050 mm,0.0031 in/0.080 mm
QAPF18A080S,22218 ,80 mm,3.75 in / 95.3 mm,8.88 in / 225.6 mm,10.88 in / 276.4 mm,2 in / 50.8 mm,87200 lbf / 388000 N,79700 lbf / 355000 N,,Mounted Bearing,22218,80 mm,Metric,QAPF18A080SB/QAPF18A080SC/QAPF18A080SEB/QAPF18A080SEC/QAPF18A080SEM/QAPF18A080SEN/QAPF18A080SEO/QAPF18A080SET/QAPF18A080SM/QAPF18A080SN/QAPF18A080SO/QAPF18A080ST,Single Concentric,Four-Bolt Pillow Block,0883450331807/0883450331814/0883450331821/0883450331838/0883450331845/0883450331852/0883450331869/0883450331876/0883450331883/0883450331890/0883450331906/0883450331913,3.75 in/95.3 mm,7.69 in/195.3 mm,5.13 in/130.3 mm,8.88 in/225.6 mm,10.88 in/276.4 mm,2 in/50.8 mm,12.3 in/312.4 mm,3.75 in/95.3 mm,1.56 in/39.6 mm,0.75 in/20 mm,1.44 in/36.6 mm,4.47 in/113.5 mm,2.59 in/65.8 mm,0.31 in/7.9 mm,4.03 in/102.4 mm,87200 lbf/388000 N,79700 lbf/355000 N,0.23,2.90,4.31,1400 rpm,2400 rpm,1000 rpm,1400 rpm,2000 rpm,1000 rpm,0.083 in/2.108 mm,0.0030 in/0.076 mm,0.0024,0.0039,0.0024 in/0.060 mm,0.0039 in/0.100 mm
QAPR18A080S,22218 ,80 mm,3.75 in / 95.3 mm,9.25 in / 235 mm,11.25 in / 285.8 mm,2.38 in / 60.5 mm,87200 lbf / 388000 N,79700 lbf / 355000 N,,Mounted Bearing,22218,80 mm,Metric,QAPR18A080SB/QAPR18A080SC/QAPR18A080SEB/QAPR18A080SEC/QAPR18A080SEM/QAPR18A080SEN/QAPR18A080SEO/QAPR18A080SET/QAPR18A080SM/QAPR18A080SN/QAPR18A080SO/QAPR18A080ST,Single Concentric,Four-Bolt Pillow Block,0883450333368/0883450333375/0883450333382/0883450333399/0883450333405/0883450333412/0883450333429/0883450333436/0883450333443/0883450333450/0883450333467/0883450333474,3.75 in/95.3 mm,7.69 in/195.3 mm,5.13 in/130.3 mm,9.25 in/235 mm,11.25 in/285.8 mm,2.38 in/60.5 mm,13.63 in/346.2 mm,3.75 in/95.3 mm,1.56 in/39.6 mm,0.75 in/20 mm,1.44 in/36.6 mm,4.47 in/113.5 mm,2.59 in/65.8 mm,0.31 in/7.9 mm,4.03 in/102.4 mm,87200 lbf/388000 N,79700 lbf/355000 N,0.23,2.90,4.31,1400 rpm,2400 rpm,1000 rpm,1400 rpm,2000 rpm,1000 rpm,0.083 in/2.108 mm,0.0030 in/0.076 mm,0.0024,0.0039,0.0024 in/0.060 mm,0.0039 in/0.100 mm
QAPX18A080S,22218 ,80 mm,4 in / 101.6 mm,10.81 in / 274.6 mm,12.19 in / 309.6 mm,3 in / 76.2 mm,87200 lbf / 388000 N,79700 lbf / 355000 N,,Mounted Bearing,22218,80 mm,Metric,QAPX18A080SB/QAPX18A080SC/QAPX18A080SEB/QAPX18A080SEC/QAPX18A080SEM/QAPX18A080SEN/QAPX18A080SEO/QAPX18A080SET/QAPX18A080SM/QAPX18A080SN/QAPX18A080SO/QAPX18A080ST,Single Concentric,Four-Bolt Pillow Block,,4 in/101.6 mm,7.92 in/201.2 mm,5.13 in/130.3 mm,10.81 in/274.6 mm,12.19 in/309.6 mm,3 in/76.2 mm,15 in/381 mm,4.75 in/120.7 mm,1.5 in/38.1 mm,0.75 in/20 mm,1.44 in/36.6 mm,4.97 in/126.2 mm,2.59 in/65.8 mm,0.31 in/7.9 mm,4.03 in/102.4 mm,87200 lbf/388000 N,79700 lbf/355000 N,0.23,2.90,4.31,1400 rpm,2400 rpm,1000 rpm,1400 rpm,2000 rpm,1000 rpm,0.083 in/2.108 mm,0.0030 in/0.076 mm,0.0024,0.0039,0.0024 in/0.060 mm,0.0039 in/0.100 mm
QAPF18A085S,22218 ,85 mm,3.75 in / 95.3 mm,8.88 in / 225.6 mm,10.88 in / 276.4 mm,2 in / 50.8 mm,87200 lbf / 388000 N,79700 lbf / 355000 N,,Mounted Bearing,22218,85 mm,Metric,QAPF18A085SB/QAPF18A085SC/QAPF18A085SEB/QAPF18A085SEC/QAPF18A085SEM/QAPF18A085SEN/QAPF18A085SEO/QAPF18A085SET/QAPF18A085SM/QAPF18A085SN/QAPF18A085SO/QAPF18A085ST,Single Concentric,Four-Bolt Pillow Block,0883450331920/0883450331937/0883450331944/0883450331951/0883450331968/0883450331975/0883450331982/0883450331999/0883450332002/0883450332019/0883450332026/0883450332033,3.75 in/95.3 mm,7.69 in/195.3 mm,5.13 in/130.3 mm,8.88 in/225.6 mm,10.88 in/276.4 mm,2 in/50.8 mm,12.3 in/312.4 mm,3.75 in/95.3 mm,1.56 in/39.6 mm,0.75 in/20 mm,1.44 in/36.6 mm,4.47 in/113.5 mm,2.59 in/65.8 mm,0.31 in/7.9 mm,4.03 in/102.4 mm,87200 lbf/388000 N,79700 lbf/355000 N,0.23,2.90,4.31,1400 rpm,2400 rpm,1000 rpm,1400 rpm,2000 rpm,1000 rpm,0.083 in/2.108 mm,0.0030 in/0.076 mm,0.0024,0.0039,0.0024 in/0.060 mm,0.0039 in/0.100 mm
QAPR18A085S,22218 ,85 mm,3.75 in / 95.3 mm,9.25 in / 235 mm,11.25 in / 285.8 mm,2.38 in / 60.5 mm,87200 lbf / 388000 N,79700 lbf / 355000 N,,Mounted Bearing,22218,85 mm,Metric,QAPR18A085SB/QAPR18A085SC/QAPR18A085SEB/QAPR18A085SEC/QAPR18A085SEM/QAPR18A085SEN/QAPR18A085SEO/QAPR18A085SET/QAPR18A085SM/QAPR18A085SN/QAPR18A085SO/QAPR18A085ST,Single Concentric,Four-Bolt Pillow Block,0883450333481/0883450333498/0883450333504/0883450333511/0883450333528/0883450333535/0883450333542/0883450333559/0883450333566/0883450333573/0883450333580/0883450333597,3.75 in/95.3 mm,7.69 in/195.3 mm,5.13 in/130.3 mm,9.25 in/235 mm,11.25 in/285.8 mm,2.38 in/60.5 mm,13.63 in/346.2 mm,3.75 in/95.3 mm,1.56 in/39.6 mm,0.75 in/20 mm,1.44 in/36.6 mm,4.47 in/113.5 mm,2.59 in/65.8 mm,0.31 in/7.9 mm,4.03 in/102.4 mm,87200 lbf/388000 N,79700 lbf/355000 N,0.23,2.90,4.31,1400 rpm,2400 rpm,1000 rpm,1400 rpm,2000 rpm,1000 rpm,0.083 in/2.108 mm,0.0030 in/0.076 mm,0.0024,0.0039,0.0024 in/0.060 mm,0.0039 in/0.100 mm
QAPX18A085S,22218 ,85 mm,4 in / 101.6 mm,10.81 in / 274.6 mm,12.19 in / 309.6 mm,3 in / 76.2 mm,87200 lbf / 388000 N,79700 lbf / 355000 N,,Mounted Bearing,22218,85 mm,Metric,QAPX18A085SB/QAPX18A085SC/QAPX18A085SEB/QAPX18A085SEC/QAPX18A085SEM/QAPX18A085SEN/QAPX18A085SEO/QAPX18A085SET/QAPX18A085SM/QAPX18A085SN/QAPX18A085SO/QAPX18A085ST,Single Concentric,Four-Bolt Pillow Block,,4 in/101.6 mm,7.92 in/201.2 mm,5.13 in/130.3 mm,10.81 in/274.6 mm,12.19 in/309.6 mm,3 in/76.2 mm,15 in/381 mm,4.75 in/120.7 mm,1.5 in/38.1 mm,0.75 in/20 mm,1.44 in/36.6 mm,4.97 in/126.2 mm,2.59 in/65.8 mm,0.31 in/7.9 mm,4.03 in/102.4 mm,87200 lbf/388000 N,79700 lbf/355000 N,0.23,2.90,4.31,1400 rpm,2400 rpm,1000 rpm,1400 rpm,2000 rpm,1000 rpm,0.083 in/2.108 mm,0.0030 in/0.076 mm,0.0024,0.0039,0.0024 in/0.060 mm,0.0039 in/0.100 mm
QAPF18A090S,22218 ,90 mm,3.75 in / 95.3 mm,8.88 in / 225.6 mm,10.88 in / 276.4 mm,2 in / 50.8 mm,87200 lbf / 388000 N,79700 lbf / 355000 N,,Mounted Bearing,22218,90 mm,Metric,QAPF18A090SB/QAPF18A090SC/QAPF18A090SEB/QAPF18A090SEC/QAPF18A090SEM/QAPF18A090SEN/QAPF18A090SEO/QAPF18A090SET/QAPF18A090SM/QAPF18A090SN/QAPF18A090SO/QAPF18A090ST,Single Concentric,Four-Bolt Pillow Block,0883450046404/0883450046411/0883450046435/0883450046442/0883450046459/0883450046466/0883450046473/0883450046480/0883450189347/0883450189453/0883450266680/0883450266796,3.75 in/95.3 mm,7.69 in/195.3 mm,5.13 in/130.3 mm,8.88 in/225.6 mm,10.88 in/276.4 mm,2 in/50.8 mm,12.3 in/312.4 mm,3.75 in/95.3 mm,1.56 in/39.6 mm,0.75 in/20 mm,1.44 in/36.6 mm,4.47 in/113.5 mm,2.59 in/65.8 mm,0.31 in/7.9 mm,4.03 in/102.4 mm,87200 lbf/388000 N,79700 lbf/355000 N,0.23,2.90,4.31,1400 rpm,2400 rpm,1000 rpm,1400 rpm,2000 rpm,1000 rpm,0.083 in/2.108 mm,0.0030 in/0.076 mm,0.0024,0.0039,0.0024 in/0.060 mm,0.0039 in/0.100 mm
QAPR18A090S,22218 ,90 mm,3.75 in / 95.3 mm,9.25 in / 235 mm,11.25 in / 285.8 mm,2.38 in / 60.5 mm,87200 lbf / 388000 N,79700 lbf / 355000 N,,Mounted Bearing,22218,90 mm,Metric,QAPR18A090SB/QAPR18A090SC/QAPR18A090SEB/QAPR18A090SEC/QAPR18A090SEM/QAPR18A090SEN/QAPR18A090SEO/QAPR18A090SET/QAPR18A090SM/QAPR18A090SN/QAPR18A090SO/QAPR18A090ST,Single Concentric,Four-Bolt Pillow Block,0883450049108/0883450049115/0883450049139/0883450049146/0883450049153/0883450049160/0883450049177/0883450049184/0883450189828/0883450189934/0883450267182/0883450267298,3.75 in/95.3 mm,7.69 in/195.3 mm,5.13 in/130.3 mm,9.25 in/235 mm,11.25 in/285.8 mm,2.38 in/60.5 mm,13.63 in/346.2 mm,3.75 in/95.3 mm,1.56 in/39.6 mm,0.75 in/20 mm,1.44 in/36.6 mm,4.47 in/113.5 mm,2.59 in/65.8 mm,0.31 in/7.9 mm,4.03 in/102.4 mm,87200 lbf/388000 N,79700 lbf/355000 N,0.23,2.90,4.31,1400 rpm,2400 rpm,1000 rpm,1400 rpm,2000 rpm,1000 rpm,0.083 in/2.108 mm,0.0030 in/0.076 mm,0.0024,0.0039,0.0024 in/0.060 mm,0.0039 in/0.100 mm
QAPX18A090S,22218 ,90 mm,4 in / 101.6 mm,10.81 in / 274.6 mm,12.19 in / 309.6 mm,3 in / 76.2 mm,87200 lbf / 388000 N,79700 lbf / 355000 N,,Mounted Bearing,22218,90 mm,Metric,QAPX18A090SB/QAPX18A090SC/QAPX18A090SEB/QAPX18A090SEC/QAPX18A090SEM/QAPX18A090SEN/QAPX18A090SEO/QAPX18A090SET/QAPX18A090SM/QAPX18A090SN/QAPX18A090SO/QAPX18A090ST,Single Concentric,Four-Bolt Pillow Block,,4 in/101.6 mm,7.92 in/201.2 mm,5.13 in/130.3 mm,10.81 in/274.6 mm,12.19 in/309.6 mm,3 in/76.2 mm,15 in/381 mm,4.75 in/120.7 mm,1.5 in/38.1 mm,0.75 in/20 mm,1.44 in/36.6 mm,4.97 in/126.2 mm,2.59 in/65.8 mm,0.31 in/7.9 mm,4.03 in/102.4 mm,87200 lbf/388000 N,79700 lbf/355000 N,0.23,2.90,4.31,1400 rpm,2400 rpm,1000 rpm,1400 rpm,2000 rpm,1000 rpm,0.083 in/2.108 mm,0.0030 in/0.076 mm,0.0024,0.0039,0.0024 in/0.060 mm,0.0039 in/0.100 mm
QAPF20A100S,22220 ,100 mm,4.25 in / 108 mm,10.88 in / 276.4 mm,13.38 in / 339.9 mm,2-1/4 in / 57.2 mm,113000 lbf / 502000 N,97700 lbf / 435000 N,,Mounted Bearing,22220,100 mm,Metric,QAPF20A100SB/QAPF20A100SC/QAPF20A100SEB/QAPF20A100SEC/QAPF20A100SEM/QAPF20A100SEN/QAPF20A100SEO/QAPF20A100SET/QAPF20A100SM/QAPF20A100SN/QAPF20A100SO/QAPF20A100ST,Single Concentric,Four-Bolt Pillow Block,0883450299282/0883450299299/0883450299305/0883450299312/0883450299329/0883450299336/0883450299343/0883450299350/0883450299367/0883450299374/0883450299381/0883450299398,4.25 in/108 mm,8.78 in/223 mm,6 in/152.4 mm,10.88 in/276.4 mm,13.38 in/339.9 mm,2-1/4 in/57.2 mm,14.88 in/378 mm,4.31 in/109.5 mm,1.4 in/35.6 mm,0.75 in/20 mm,1.63 in/41.4 mm,5.13 in/130.3 mm,2.97 in/75.4 mm,0.35 in/8.9 mm,4.59 in/116.6 mm,113000 lbf/502000 N,97700 lbf/435000 N,0.24,2.85,4.24,1200 rpm,2000 rpm,900 rpm,1200 rpm,1600 rpm,900 rpm,0.083 in/2.108 mm,0.0030 in/0.076 mm,0.0030,0.0047,0.0030 in/0.075 mm,0.0047 in/0.120 mm
QAPX20A100S,22220 ,100 mm,5 in / 127 mm,12.5 in / 317.5 mm,14 in / 355.6 mm,3.5 in / 88.9 mm,113000 lbf / 502000 N,97700 lbf / 435000 N,,Mounted Bearing,22220,100 mm,Metric,QAPX20A100SB/QAPX20A100SC/QAPX20A100SEB/QAPX20A100SEC/QAPX20A100SEM/QAPX20A100SEN/QAPX20A100SEO/QAPX20A100SET/QAPX20A100SM/QAPX20A100SN/QAPX20A100SO/QAPX20A100ST,Single Concentric,Four-Bolt Pillow Block,,5 in/127 mm,9.44 in/239.8 mm,6 in/152.4 mm,12.5 in/317.5 mm,14 in/355.6 mm,3.5 in/88.9 mm,16.75 in/425.5 mm,5.5 in/139.7 mm,1.63 in/41.4 mm,0.875 in/24 mm,1.63 in/41.4 mm,5.71 in/145 mm,2.96 in/75.2 mm,0.34 in/8.6 mm,4.59 in/116.6 mm,113000 lbf/502000 N,97700 lbf/435000 N,0.24,2.85,4.24,1200 rpm,2000 rpm,900 rpm,1200 rpm,1600 rpm,900 rpm,0.083 in/2.108 mm,0.0030 in/0.076 mm,0.0030,0.0047,0.0030 in/0.075 mm,0.0047 in/0.120 mm
QAPR20A100S,22220 ,100 mm,4.25 in / 108 mm,10.88 in / 276.4 mm,13.38 in / 339.9 mm,2-1/4 in / 57.2 mm,113000 lbf / 502000 N,97700 lbf / 435000 N,,Mounted Bearing,22220,100 mm,Metric,,Single Concentric,Four-Bolt Pillow Block,,4.25 in/108 mm,8.78 in/223 mm,6 in/152.4 mm,10.88 in/276.4 mm,13.38 in/339.9 mm,2-1/4 in/57.2 mm,14.88 in/378 mm,4.31 in/109.5 mm,1.4 in/35.6 mm,0.75 in/20 mm,1.63 in/41.4 mm,5.13 in/130.3 mm,2.97 in/75.4 mm,0.36 in/9.1 mm,4.59 in/116.7 mm,113000 lbf/502000 N,97700 lbf/435000 N,0.24,2.85,4.24,1200 rpm,2000 rpm,900 rpm,1200 rpm,1600 rpm,900 rpm,0.083 in/2.108 mm,0.0030 in/0.076 mm,0.0030,0.0047,0.0030 in/0.075 mm,0.0047 in/0.120 mm
